count,node1,node2
1,Allen-Weiss,Alvarez PLC
1,Allen-Weiss,"Anderson, Brown and Green"
2,Allen-Weiss,Barnes and Sons
1,Allen-Weiss,"Blackwell, Clark and Lam"
1,Allen-Weiss,Clark-Leon
1,Allen-Weiss,"Clarke, Scott and Sloan"
2,Allen-Weiss,"Clements, Allen and Sullivan"
2,Allen-Weiss,"Cooper, Holland and Nelson"
1,Allen-Weiss,Craig Ltd
1,Allen-Weiss,Franco-Stuart
1,Allen-Weiss,"Glover, Moran and Johnson"
1,Allen-Weiss,Greer-Holder
3,Allen-Weiss,Harrell-Walters
3,Allen-Weiss,"Jones, Davis and Grant"
2,Allen-Weiss,"Mann, Myers and Rivera"
2,Allen-Weiss,Mclaughlin-Chandler
1,Allen-Weiss,Olsen Group
1,Allen-Weiss,Rosario-Melendez
1,Allen-Weiss,"Roth, Logan and Moreno"
1,Allen-Weiss,Solis-Lopez
1,Allen-Weiss,"Taylor, Prince and Sherman"
1,Allen-Weiss,"Valdez, Dalton and Cook"
1,Allen-Weiss,Vargas-Jensen
1,Allen-Weiss,"Walker, Erickson and Blake"
2,Allen-Weiss,Watson-Gray
2,Allen-Weiss,Wu-Hart
1,Alvarez PLC,Arellano Group
2,Alvarez PLC,Barnes and Sons
1,Alvarez PLC,Bates-Anderson
1,Alvarez PLC,"Bell, Reynolds and Forbes"
2,Alvarez PLC,"Blackwell, Clark and Lam"
1,Alvarez PLC,"Brown, Clarke and Martinez"
1,Alvarez PLC,Brown-Stokes
1,Alvarez PLC,"Cain, Simpson and Hernandez"
1,Alvarez PLC,Castillo-Elliott
1,Alvarez PLC,Cervantes-Kramer
1,Alvarez PLC,"Clements, Allen and Sullivan"
2,Alvarez PLC,"Coleman, Thompson and Huber"
1,Alvarez PLC,"Collins, Johnson and Lloyd"
2,Alvarez PLC,Cuevas PLC
1,Alvarez PLC,Evans Ltd
1,Alvarez PLC,Frey Inc
3,Alvarez PLC,"Glover, Moran and Johnson"
1,Alvarez PLC,Graham-Andrews
1,Alvarez PLC,Greer-Holder
1,Alvarez PLC,Hines-Douglas
1,Alvarez PLC,Horn and Sons
1,Alvarez PLC,Jackson Inc
1,Alvarez PLC,Johnson-Johnson
1,Alvarez PLC,Kelly-Smith
1,Alvarez PLC,Klein LLC
1,Alvarez PLC,Lee-Smith
1,Alvarez PLC,Lopez-Delgado
1,Alvarez PLC,Lutz-Fleming
1,Alvarez PLC,"Maldonado, Sanchez and Jones"
1,Alvarez PLC,Mcgee and Sons
2,Alvarez PLC,Myers-Alvarez
1,Alvarez PLC,Olsen-Haley
1,Alvarez PLC,Olson and Sons
2,Alvarez PLC,Paul Inc
1,Alvarez PLC,Payne Group
1,Alvarez PLC,"Phelps, Brown and Wallace"
1,Alvarez PLC,Ramos-Shelton
1,Alvarez PLC,Rosario-Melendez
1,Alvarez PLC,Ross-Curtis
1,Alvarez PLC,Sanchez-Moreno
1,Alvarez PLC,"Smith, Smith and Barber"
1,Alvarez PLC,"Spencer, Richards and Wilson"
1,Alvarez PLC,Underwood Inc
1,Alvarez PLC,"Valdez, Dalton and Cook"
4,Alvarez PLC,"Vasquez, Chaney and Martinez"
1,Alvarez PLC,Ward-Dunn
1,Alvarez PLC,York-Castillo
1,"Anderson, Brown and Green",Arellano Group
1,"Anderson, Brown and Green",Bishop-Hernandez
1,"Anderson, Brown and Green","Blackwell, Clark and Lam"
1,"Anderson, Brown and Green",Brown-Stokes
1,"Anderson, Brown and Green","Bryant, Macdonald and Howard"
1,"Anderson, Brown and Green",Castillo-Elliott
1,"Anderson, Brown and Green",Cervantes-Kramer
1,"Anderson, Brown and Green","Chapman, Hall and Miller"
1,"Anderson, Brown and Green","Chavez, Anderson and Taylor"
1,"Anderson, Brown and Green",Clark-Leon
2,"Anderson, Brown and Green","Clarke, Scott and Sloan"
1,"Anderson, Brown and Green","Coleman, Nelson and Garcia"
1,"Anderson, Brown and Green","Collins, Johnson and Lloyd"
1,"Anderson, Brown and Green",Conrad Ltd
3,"Anderson, Brown and Green",Cook PLC
1,"Anderson, Brown and Green","Cooper, Wood and Smith"
1,"Anderson, Brown and Green",Evans-Pearson
1,"Anderson, Brown and Green",Flores Ltd
1,"Anderson, Brown and Green",Floyd-Cantu
1,"Anderson, Brown and Green","Garcia, Merritt and Rose"
1,"Anderson, Brown and Green","Glover, Moran and Johnson"
1,"Anderson, Brown and Green",Graham-Andrews
1,"Anderson, Brown and Green",Haney Group
1,"Anderson, Brown and Green",Harper Inc
1,"Anderson, Brown and Green",Harrington Inc
2,"Anderson, Brown and Green",Hines-Douglas
1,"Anderson, Brown and Green",Holt PLC
1,"Anderson, Brown and Green",Hughes-Clark
1,"Anderson, Brown and Green","James, Bell and Chen"
2,"Anderson, Brown and Green",Jones Group
1,"Anderson, Brown and Green",Kelly-Smith
1,"Anderson, Brown and Green",Lee-Smith
1,"Anderson, Brown and Green","Mann, Myers and Rivera"
2,"Anderson, Brown and Green","Massey, King and Quinn"
2,"Anderson, Brown and Green",Montoya Group
3,"Anderson, Brown and Green","Murray, Friedman and Wall"
1,"Anderson, Brown and Green",Olsen-Haley
2,"Anderson, Brown and Green",Parrish LLC
2,"Anderson, Brown and Green",Paul Inc
1,"Anderson, Brown and Green",Perez-Harmon
1,"Anderson, Brown and Green",Rivas-Stevens
3,"Anderson, Brown and Green",Rosario-Melendez
1,"Anderson, Brown and Green",Serrano-Cruz
2,"Anderson, Brown and Green",Smith-Hull
1,"Anderson, Brown and Green",Solis-Lopez
2,"Anderson, Brown and Green","Taylor, Prince and Sherman"
1,"Anderson, Brown and Green",Thomas-Weaver
1,"Anderson, Brown and Green","Vasquez, Chaney and Martinez"
1,"Anderson, Brown and Green","Walker, Erickson and Blake"
1,"Anderson, Brown and Green",Ward-Dunn
2,"Anderson, Brown and Green","Willis, Vasquez and Goodwin"
1,"Anderson, Brown and Green",Wu-Hart
3,"Anderson, Brown and Green",York-Castillo
1,Archer-Johnson,"Bell, Reynolds and Forbes"
1,Archer-Johnson,Bishop-Hernandez
3,Archer-Johnson,Castillo-Elliott
1,Archer-Johnson,Cervantes-Kramer
1,Archer-Johnson,Craig Ltd
1,Archer-Johnson,Flores Ltd
1,Archer-Johnson,Frank Group
1,Archer-Johnson,"Glover, Moran and Johnson"
1,Archer-Johnson,Horn and Sons
1,Archer-Johnson,"Jones, Davis and Grant"
1,Archer-Johnson,Martinez-Le
1,Archer-Johnson,Mcgee and Sons
1,Archer-Johnson,Moore-Simon
1,Archer-Johnson,"Murray, Friedman and Wall"
2,Archer-Johnson,"Rasmussen, Nelson and King"
1,Archer-Johnson,Rivas-Stevens
2,Archer-Johnson,Sanchez-Moreno
1,Archer-Johnson,"Taylor, Prince and Sherman"
1,Archer-Johnson,Thompson-Padilla
1,Archer-Johnson,"Walker, Erickson and Blake"
1,Archer-Johnson,Wu-Hart
1,Arellano Group,Barnett Ltd
2,Arellano Group,Bates-Anderson
1,Arellano Group,"Bell, Reynolds and Forbes"
1,Arellano Group,"Brown, Clarke and Martinez"
1,Arellano Group,"Bryant, Macdonald and Howard"
2,Arellano Group,Burns Inc
2,Arellano Group,Castillo-Elliott
1,Arellano Group,Clark-Leon
1,Arellano Group,"Clements, Allen and Sullivan"
1,Arellano Group,"Coleman, Nelson and Garcia"
1,Arellano Group,"Collins, Johnson and Lloyd"
1,Arellano Group,Conrad Ltd
1,Arellano Group,"Cooper, Holland and Nelson"
1,Arellano Group,Cuevas PLC
2,Arellano Group,Davis-Boyd
1,Arellano Group,"Dawson, Miles and Little"
1,Arellano Group,Ellis-Hunter
1,Arellano Group,Evans Ltd
1,Arellano Group,Evans-Burns
1,Arellano Group,"Faulkner, Schmidt and Wheeler"
1,Arellano Group,Flores Ltd
1,Arellano Group,Franco-Stuart
1,Arellano Group,Haney Group
1,Arellano Group,Harper Inc
2,Arellano Group,Harrington Inc
1,Arellano Group,"Henderson, Hall and Lutz"
2,Arellano Group,Hernandez-Beasley
1,Arellano Group,Holt PLC
1,Arellano Group,Horn and Sons
2,Arellano Group,Hughes-Clark
1,Arellano Group,"Jackson, Mendez and Nguyen"
3,Arellano Group,"James, Bell and Chen"
1,Arellano Group,Jefferson Inc
2,Arellano Group,Klein LLC
3,Arellano Group,Lee-Smith
1,Arellano Group,Lopez-Delgado
1,Arellano Group,Lutz-Fleming
1,Arellano Group,Maddox Group
1,Arellano Group,"Maldonado, Sanchez and Jones"
1,Arellano Group,Martin LLC
1,Arellano Group,Martinez-Daniels
1,Arellano Group,"Massey, King and Quinn"
1,Arellano Group,Mclaughlin-Chandler
2,Arellano Group,Moore-Simon
1,Arellano Group,"Murphy, Marshall and Pope"
1,Arellano Group,"Murray, Friedman and Wall"
1,Arellano Group,Myers-Alvarez
1,Arellano Group,"Nguyen, Marsh and Hall"
1,Arellano Group,Olson and Sons
2,Arellano Group,Parrish LLC
2,Arellano Group,"Phelps, Brown and Wallace"
1,Arellano Group,Phillips-Newton
1,Arellano Group,"Rasmussen, Nelson and King"
1,Arellano Group,Rhodes-Thompson
1,Arellano Group,Rivas-Stevens
1,Arellano Group,Rosario-Melendez
1,Arellano Group,Ross-Curtis
4,Arellano Group,Sanchez-Moreno
1,Arellano Group,Solis-Lopez
1,Arellano Group,Thomas-Weaver
1,Arellano Group,Thompson-Padilla
1,Arellano Group,Vargas-Jensen
1,Arellano Group,"Vasquez, Chaney and Martinez"
1,Arellano Group,"Walker, Erickson and Blake"
2,Arellano Group,"Walker, Gonzalez and Blanchard"
2,Arellano Group,Ward-Dunn
1,Arellano Group,Wilcox-Nelson
1,Arellano Group,Williams-Moon
1,Arellano Group,"Willis, Vasquez and Goodwin"
1,Arellano Group,Wu-Hart
1,Barnes and Sons,Barnett Ltd
1,Barnes and Sons,Bates-Anderson
1,Barnes and Sons,"Bell, Reynolds and Forbes"
3,Barnes and Sons,"Blackwell, Clark and Lam"
2,Barnes and Sons,Bowers Group
4,Barnes and Sons,Castillo-Elliott
1,Barnes and Sons,Cervantes-Kramer
2,Barnes and Sons,"Chapman, Hall and Miller"
1,Barnes and Sons,Cisneros-Meyer
1,Barnes and Sons,"Clarke, Scott and Sloan"
1,Barnes and Sons,"Coleman, Nelson and Garcia"
1,Barnes and Sons,Conrad Ltd
1,Barnes and Sons,"Cooper, Wood and Smith"
1,Barnes and Sons,Cuevas PLC
1,Barnes and Sons,Cunningham-Jones
2,Barnes and Sons,Ellis-Hunter
1,Barnes and Sons,Evans Ltd
1,Barnes and Sons,Evans-Pearson
1,Barnes and Sons,"Faulkner, Schmidt and Wheeler"
1,Barnes and Sons,Fisherman's Best N.V. Express
1,Barnes and Sons,Floyd-Cantu
1,Barnes and Sons,Graham-Andrews
1,Barnes and Sons,Greer-Holder
1,Barnes and Sons,Haney Group
2,Barnes and Sons,Harper Inc
3,Barnes and Sons,Harrell-Walters
2,Barnes and Sons,Harrington Inc
3,Barnes and Sons,"Henderson, Hall and Lutz"
1,Barnes and Sons,Hughes-Clark
1,Barnes and Sons,Jackson Inc
1,Barnes and Sons,"Jackson, Mendez and Nguyen"
1,Barnes and Sons,"James, Bell and Chen"
2,Barnes and Sons,Jefferson Inc
2,Barnes and Sons,Kelly-Smith
1,Barnes and Sons,Lake Victoria Catch GmbH
1,Barnes and Sons,Lopez-Delgado
1,Barnes and Sons,Martin LLC
1,Barnes and Sons,"Martinez, Willis and Barr"
1,Barnes and Sons,Martinez-Daniels
1,Barnes and Sons,Martinez-Le
1,Barnes and Sons,"Massey, King and Quinn"
2,Barnes and Sons,Montoya Group
1,Barnes and Sons,"Murphy, Marshall and Pope"
2,Barnes and Sons,"Murray, Friedman and Wall"
1,Barnes and Sons,Olsen-Haley
1,Barnes and Sons,Olson and Sons
1,Barnes and Sons,"Patterson, Moreno and Jensen"
1,Barnes and Sons,Paul Inc
1,Barnes and Sons,Payne Group
2,Barnes and Sons,Perez-Harmon
1,Barnes and Sons,Ramos-Shelton
1,Barnes and Sons,Rivas-Stevens
1,Barnes and Sons,Rosario-Melendez
1,Barnes and Sons,Ross-Curtis
1,Barnes and Sons,"Roth, Logan and Moreno"
1,Barnes and Sons,Solis-Lopez
2,Barnes and Sons,"Spencer, Richards and Wilson"
1,Barnes and Sons,Thompson-Padilla
1,Barnes and Sons,Underwood Inc
1,Barnes and Sons,"Valdez, Dalton and Cook"
2,Barnes and Sons,Vargas-Jensen
2,Barnes and Sons,"Walker, Erickson and Blake"
1,Barnes and Sons,"Walker, Gonzalez and Blanchard"
2,Barnes and Sons,Wilson-Grant
1,Barnes and Sons,Wong-Harrell
1,Barnes and Sons,Wu-Hart
1,Barnett Ltd,Bowers Group
3,Barnett Ltd,"Brown, Clarke and Martinez"
2,Barnett Ltd,Burns Inc
1,Barnett Ltd,Castillo-Elliott
1,Barnett Ltd,"Chapman, Hall and Miller"
2,Barnett Ltd,"Chavez, Anderson and Taylor"
1,Barnett Ltd,"Clements, Allen and Sullivan"
1,Barnett Ltd,"Coleman, Nelson and Garcia"
2,Barnett Ltd,"Cooper, Holland and Nelson"
1,Barnett Ltd,"Dawson, Miles and Little"
1,Barnett Ltd,Evans Ltd
1,Barnett Ltd,Evans-Burns
1,Barnett Ltd,Floyd-Cantu
1,Barnett Ltd,Frank Group
1,Barnett Ltd,"Garcia, Merritt and Rose"
1,Barnett Ltd,Greer-Holder
1,Barnett Ltd,Haney Group
1,Barnett Ltd,Harper Inc
1,Barnett Ltd,Harrell-Walters
2,Barnett Ltd,"Henderson, Hall and Lutz"
1,Barnett Ltd,Hines-Douglas
2,Barnett Ltd,Holt PLC
1,Barnett Ltd,Horn and Sons
1,Barnett Ltd,Hughes-Clark
1,Barnett Ltd,Jones Group
3,Barnett Ltd,"Jones, Davis and Grant"
1,Barnett Ltd,"Massey, King and Quinn"
2,Barnett Ltd,Mclaughlin-Chandler
1,Barnett Ltd,"Murphy, Marshall and Pope"
1,Barnett Ltd,"Nguyen, Marsh and Hall"
1,Barnett Ltd,Parrish LLC
1,Barnett Ltd,Perez-Harmon
1,Barnett Ltd,"Phelps, Brown and Wallace"
1,Barnett Ltd,Phillips-Newton
1,Barnett Ltd,Rhodes-Thompson
1,Barnett Ltd,Ross-Curtis
2,Barnett Ltd,Sanchez-Moreno
1,Barnett Ltd,Serrano-Cruz
1,Barnett Ltd,Smith-Hull
1,Barnett Ltd,Solis-Lopez
1,Barnett Ltd,"Taylor, Prince and Sherman"
1,Barnett Ltd,Thomas-Weaver
1,Barnett Ltd,Thompson-Padilla
1,Barnett Ltd,Turner-Green
1,Barnett Ltd,V. Miesel Shipping
1,Barnett Ltd,"Valdez, Dalton and Cook"
1,Barnett Ltd,"Vasquez, Chaney and Martinez"
2,Barnett Ltd,Velasquez Inc
1,Barnett Ltd,"Walker, Gonzalez and Blanchard"
1,Barnett Ltd,Ward-Dunn
1,Bates-Anderson,"Brown, Clarke and Martinez"
2,Bates-Anderson,Cervantes-Kramer
1,Bates-Anderson,Clark-Leon
1,Bates-Anderson,Cook PLC
1,Bates-Anderson,Evans-Pearson
1,Bates-Anderson,"Glover, Moran and Johnson"
1,Bates-Anderson,Harper Inc
1,Bates-Anderson,Harrington Inc
1,Bates-Anderson,Hernandez-Rojas
2,Bates-Anderson,Hines-Douglas
1,Bates-Anderson,Kelly-Smith
1,Bates-Anderson,Klein LLC
1,Bates-Anderson,Mcgee and Sons
1,Bates-Anderson,Mclaughlin-Chandler
1,Bates-Anderson,Montoya Group
1,Bates-Anderson,"Murphy, Marshall and Pope"
1,Bates-Anderson,"Phelps, Brown and Wallace"
1,Bates-Anderson,"Rasmussen, Nelson and King"
1,Bates-Anderson,Rivas-Stevens
1,Bates-Anderson,Rosario-Melendez
1,Bates-Anderson,Solis-Lopez
3,Bates-Anderson,Watson-Gray
1,Bates-Anderson,Wilcox-Nelson
1,"Bell, Reynolds and Forbes","Blackwell, Clark and Lam"
3,"Bell, Reynolds and Forbes","Brown, Clarke and Martinez"
1,"Bell, Reynolds and Forbes",Brown-Stokes
1,"Bell, Reynolds and Forbes",Castillo-Elliott
1,"Bell, Reynolds and Forbes",Cervantes-Kramer
1,"Bell, Reynolds and Forbes","Chapman, Hall and Miller"
1,"Bell, Reynolds and Forbes","Coleman, Nelson and Garcia"
1,"Bell, Reynolds and Forbes",Conrad Ltd
1,"Bell, Reynolds and Forbes",Cook PLC
2,"Bell, Reynolds and Forbes",Craig Ltd
1,"Bell, Reynolds and Forbes",Davis-Boyd
1,"Bell, Reynolds and Forbes",Evans Ltd
1,"Bell, Reynolds and Forbes",Floyd-Cantu
1,"Bell, Reynolds and Forbes",Franco-Stuart
1,"Bell, Reynolds and Forbes","Glover, Moran and Johnson"
1,"Bell, Reynolds and Forbes",Graham-Andrews
1,"Bell, Reynolds and Forbes",Harrington Inc
3,"Bell, Reynolds and Forbes","Hernandez, Levy and Hanson"
1,"Bell, Reynolds and Forbes",Hernandez-Beasley
1,"Bell, Reynolds and Forbes",Hines-Douglas
1,"Bell, Reynolds and Forbes",Holt PLC
1,"Bell, Reynolds and Forbes",Horn and Sons
1,"Bell, Reynolds and Forbes",Jackson Inc
1,"Bell, Reynolds and Forbes","Jackson, Mendez and Nguyen"
1,"Bell, Reynolds and Forbes",Johnson-Johnson
1,"Bell, Reynolds and Forbes","Mann, Myers and Rivera"
2,"Bell, Reynolds and Forbes",Martinez-Daniels
1,"Bell, Reynolds and Forbes","Massey, King and Quinn"
1,"Bell, Reynolds and Forbes",Moore-Simon
1,"Bell, Reynolds and Forbes","Murphy, Marshall and Pope"
1,"Bell, Reynolds and Forbes","Nguyen, Marsh and Hall"
1,"Bell, Reynolds and Forbes","Patterson, Moreno and Jensen"
1,"Bell, Reynolds and Forbes",Perez-Harmon
1,"Bell, Reynolds and Forbes",Ramos-Shelton
1,"Bell, Reynolds and Forbes","Rasmussen, Nelson and King"
2,"Bell, Reynolds and Forbes",Rivas-Stevens
1,"Bell, Reynolds and Forbes",Rosario-Melendez
1,"Bell, Reynolds and Forbes","Roth, Logan and Moreno"
2,"Bell, Reynolds and Forbes",Solis-Lopez
1,"Bell, Reynolds and Forbes","Taylor, Prince and Sherman"
1,"Bell, Reynolds and Forbes",Thompson-Padilla
1,"Bell, Reynolds and Forbes",V. Miesel Shipping
1,"Bell, Reynolds and Forbes",Velasquez Inc
1,"Bell, Reynolds and Forbes",Wilcox-Nelson
1,"Bell, Reynolds and Forbes",Wilson-Grant
1,"Bell, Reynolds and Forbes",Wong-Harrell
1,Bishop-Hernandez,Burns Inc
1,Bishop-Hernandez,"Cain, Simpson and Hernandez"
2,Bishop-Hernandez,Cervantes-Kramer
1,Bishop-Hernandez,Cisneros-Meyer
1,Bishop-Hernandez,"Clarke, Scott and Sloan"
2,Bishop-Hernandez,Cook PLC
1,Bishop-Hernandez,Craig Ltd
1,Bishop-Hernandez,Evans-Pearson
1,Bishop-Hernandez,Gallagher-Compton
1,Bishop-Hernandez,Haney Group
2,Bishop-Hernandez,Harrell-Walters
2,Bishop-Hernandez,Harrington Inc
1,Bishop-Hernandez,Hernandez-Rojas
1,Bishop-Hernandez,Jones Group
1,Bishop-Hernandez,"Mann, Myers and Rivera"
1,Bishop-Hernandez,Mcgee and Sons
1,Bishop-Hernandez,Montoya Group
1,Bishop-Hernandez,"Murphy, Marshall and Pope"
1,Bishop-Hernandez,"Patterson, Moreno and Jensen"
1,Bishop-Hernandez,Perez-Harmon
1,Bishop-Hernandez,Phillips-Newton
1,Bishop-Hernandez,"Rasmussen, Nelson and King"
1,Bishop-Hernandez,Rivas-Stevens
1,Bishop-Hernandez,"Roth, Logan and Moreno"
1,Bishop-Hernandez,Solis-Lopez
1,Bishop-Hernandez,"Spencer, Richards and Wilson"
3,Bishop-Hernandez,Vargas-Jensen
1,Bishop-Hernandez,"Walker, Erickson and Blake"
2,"Blackwell, Clark and Lam","Brown, Clarke and Martinez"
1,"Blackwell, Clark and Lam",Burns Inc
2,"Blackwell, Clark and Lam",Castillo-Elliott
1,"Blackwell, Clark and Lam",Cervantes-Kramer
1,"Blackwell, Clark and Lam","Chavez, Anderson and Taylor"
3,"Blackwell, Clark and Lam",Cisneros-Meyer
1,"Blackwell, Clark and Lam","Clarke, Scott and Sloan"
1,"Blackwell, Clark and Lam","Collins, Johnson and Lloyd"
2,"Blackwell, Clark and Lam",Cook PLC
2,"Blackwell, Clark and Lam","Cooper, Holland and Nelson"
1,"Blackwell, Clark and Lam","Cooper, Wood and Smith"
2,"Blackwell, Clark and Lam",Ellis-Hunter
1,"Blackwell, Clark and Lam","Faulkner, Schmidt and Wheeler"
2,"Blackwell, Clark and Lam",Frank Group
1,"Blackwell, Clark and Lam","Garcia, Merritt and Rose"
1,"Blackwell, Clark and Lam","Glover, Moran and Johnson"
1,"Blackwell, Clark and Lam",Harrell-Walters
1,"Blackwell, Clark and Lam",Harrington Inc
1,"Blackwell, Clark and Lam","Hernandez, Levy and Hanson"
1,"Blackwell, Clark and Lam",Jefferson Inc
1,"Blackwell, Clark and Lam",Klein LLC
2,"Blackwell, Clark and Lam",Lopez-Delgado
1,"Blackwell, Clark and Lam",Maddox Group
3,"Blackwell, Clark and Lam",Mcgee and Sons
1,"Blackwell, Clark and Lam","Murray, Friedman and Wall"
1,"Blackwell, Clark and Lam","Nguyen, Marsh and Hall"
1,"Blackwell, Clark and Lam",Olson and Sons
1,"Blackwell, Clark and Lam",Payne Group
2,"Blackwell, Clark and Lam",Perez-Harmon
1,"Blackwell, Clark and Lam",Phillips-Newton
1,"Blackwell, Clark and Lam",Rhodes-Thompson
1,"Blackwell, Clark and Lam",Rosario-Melendez
1,"Blackwell, Clark and Lam","Roth, Logan and Moreno"
1,"Blackwell, Clark and Lam",Serrano-Cruz
1,"Blackwell, Clark and Lam",Smith-Hull
3,"Blackwell, Clark and Lam","Spencer, Richards and Wilson"
1,"Blackwell, Clark and Lam","Taylor, Prince and Sherman"
3,"Blackwell, Clark and Lam",Thomas-Weaver
1,"Blackwell, Clark and Lam","Valdez, Dalton and Cook"
1,"Blackwell, Clark and Lam","Vasquez, Chaney and Martinez"
2,"Blackwell, Clark and Lam",Velasquez Inc
1,"Blackwell, Clark and Lam","Walker, Erickson and Blake"
2,"Blackwell, Clark and Lam","Willis, Vasquez and Goodwin"
1,"Blackwell, Clark and Lam",Wilson-Grant
4,"Blackwell, Clark and Lam",Wong-Harrell
1,Bowers Group,"Brown, Clarke and Martinez"
1,Bowers Group,"Bryant, Macdonald and Howard"
1,Bowers Group,Burns Inc
1,Bowers Group,Castillo-Elliott
1,Bowers Group,"Chavez, Anderson and Taylor"
2,Bowers Group,"Clements, Allen and Sullivan"
1,Bowers Group,"Collins, Johnson and Lloyd"
1,Bowers Group,Conrad Ltd
2,Bowers Group,Cook PLC
1,Bowers Group,Dunn Inc
2,Bowers Group,Flores Ltd
1,Bowers Group,Franco-Stuart
1,Bowers Group,"Glover, Moran and Johnson"
2,Bowers Group,Harper Inc
2,Bowers Group,Harrell-Walters
1,Bowers Group,Hines-Douglas
1,Bowers Group,Jackson Inc
1,Bowers Group,"Jones, Davis and Grant"
3,Bowers Group,Lutz-Fleming
1,Bowers Group,"Mann, Myers and Rivera"
2,Bowers Group,Moore-Simon
1,Bowers Group,Olsen-Haley
1,Bowers Group,Paul Inc
2,Bowers Group,Payne Group
1,Bowers Group,"Phelps, Brown and Wallace"
1,Bowers Group,"Rasmussen, Nelson and King"
1,Bowers Group,Rivas-Stevens
1,Bowers Group,"Taylor, Prince and Sherman"
1,Bowers Group,V. Miesel Shipping
1,Bowers Group,Vargas-Jensen
1,Bowers Group,"Vasquez, Chaney and Martinez"
1,Bowers Group,Watson-Gray
1,Bowers Group,York-Castillo
1,"Brown, Clarke and Martinez",Brown-Stokes
1,"Brown, Clarke and Martinez","Bryant, Macdonald and Howard"
1,"Brown, Clarke and Martinez",Castillo-Elliott
2,"Brown, Clarke and Martinez","Chapman, Hall and Miller"
1,"Brown, Clarke and Martinez","Chavez, Anderson and Taylor"
1,"Brown, Clarke and Martinez",Clark-Leon
1,"Brown, Clarke and Martinez","Clarke, Scott and Sloan"
1,"Brown, Clarke and Martinez","Clements, Allen and Sullivan"
3,"Brown, Clarke and Martinez","Coleman, Nelson and Garcia"
1,"Brown, Clarke and Martinez",Cook PLC
2,"Brown, Clarke and Martinez","Cooper, Holland and Nelson"
2,"Brown, Clarke and Martinez","Cooper, Wood and Smith"
1,"Brown, Clarke and Martinez",Cunningham-Jones
1,"Brown, Clarke and Martinez","Dawson, Miles and Little"
1,"Brown, Clarke and Martinez",Ellis-Hunter
3,"Brown, Clarke and Martinez",Evans Ltd
2,"Brown, Clarke and Martinez",Evans-Pearson
2,"Brown, Clarke and Martinez","Faulkner, Schmidt and Wheeler"
2,"Brown, Clarke and Martinez",Floyd-Cantu
3,"Brown, Clarke and Martinez",Franco-Stuart
2,"Brown, Clarke and Martinez",Frank Group
2,"Brown, Clarke and Martinez",Gallagher-Compton
1,"Brown, Clarke and Martinez","Garcia, Merritt and Rose"
1,"Brown, Clarke and Martinez",Graham-Andrews
1,"Brown, Clarke and Martinez",Haney Group
1,"Brown, Clarke and Martinez",Harper Inc
1,"Brown, Clarke and Martinez","Hernandez, Levy and Hanson"
1,"Brown, Clarke and Martinez",Holt PLC
2,"Brown, Clarke and Martinez",Hughes-Clark
1,"Brown, Clarke and Martinez",Jackson Inc
1,"Brown, Clarke and Martinez","James, Bell and Chen"
1,"Brown, Clarke and Martinez",Jefferson Inc
1,"Brown, Clarke and Martinez",Johnson-Johnson
1,"Brown, Clarke and Martinez",Jones Group
1,"Brown, Clarke and Martinez",Klein LLC
3,"Brown, Clarke and Martinez",Lake Victoria Catch GmbH
3,"Brown, Clarke and Martinez",Lee-Smith
1,"Brown, Clarke and Martinez",Lopez-Delgado
1,"Brown, Clarke and Martinez",Lutz-Fleming
1,"Brown, Clarke and Martinez",Maddox Group
1,"Brown, Clarke and Martinez","Mann, Myers and Rivera"
2,"Brown, Clarke and Martinez",Martin LLC
2,"Brown, Clarke and Martinez","Martinez, Willis and Barr"
2,"Brown, Clarke and Martinez","Massey, King and Quinn"
2,"Brown, Clarke and Martinez",Mcgee and Sons
1,"Brown, Clarke and Martinez",Mclaughlin-Chandler
1,"Brown, Clarke and Martinez",Moore-Simon
1,"Brown, Clarke and Martinez",Myers-Alvarez
2,"Brown, Clarke and Martinez","Nguyen, Marsh and Hall"
2,"Brown, Clarke and Martinez",Olsen-Haley
3,"Brown, Clarke and Martinez",Parrish LLC
2,"Brown, Clarke and Martinez","Patterson, Moreno and Jensen"
1,"Brown, Clarke and Martinez",Payne Group
1,"Brown, Clarke and Martinez",Rosario-Melendez
3,"Brown, Clarke and Martinez",Ross-Curtis
1,"Brown, Clarke and Martinez",Sanchez-Moreno
1,"Brown, Clarke and Martinez","Smith, Smith and Barber"
1,"Brown, Clarke and Martinez",Solis-Lopez
1,"Brown, Clarke and Martinez","Spencer, Richards and Wilson"
1,"Brown, Clarke and Martinez",Thompson-Padilla
1,"Brown, Clarke and Martinez",Turner-Green
1,"Brown, Clarke and Martinez","Vasquez, Chaney and Martinez"
1,"Brown, Clarke and Martinez","Walker, Erickson and Blake"
1,"Brown, Clarke and Martinez","Walker, Gonzalez and Blanchard"
1,"Brown, Clarke and Martinez",Watson-Gray
2,"Brown, Clarke and Martinez",Wilcox-Nelson
1,"Brown, Clarke and Martinez",Wong-Harrell
2,"Brown, Clarke and Martinez",Wu-Hart
1,"Brown, Clarke and Martinez",York-Castillo
1,Brown-Stokes,Cook PLC
1,Brown-Stokes,"Cooper, Holland and Nelson"
1,Brown-Stokes,Evans-Pearson
1,Brown-Stokes,Flores Ltd
1,Brown-Stokes,Franco-Stuart
1,Brown-Stokes,Frey Inc
1,Brown-Stokes,Greer-Holder
2,Brown-Stokes,Harper Inc
2,Brown-Stokes,Harrell-Walters
1,Brown-Stokes,Harrington Inc
1,Brown-Stokes,Martin LLC
1,Brown-Stokes,"Murphy, Marshall and Pope"
1,Brown-Stokes,"Murray, Friedman and Wall"
1,Brown-Stokes,Olsen Group
1,Brown-Stokes,Rosario-Melendez
2,Brown-Stokes,Sanchez-Moreno
1,Brown-Stokes,"Spencer, Richards and Wilson"
1,Brown-Stokes,Underwood Inc
2,Brown-Stokes,Watson-Gray
2,"Bryant, Macdonald and Howard",Clark-Leon
1,"Bryant, Macdonald and Howard",Craig Ltd
1,"Bryant, Macdonald and Howard","Glover, Moran and Johnson"
1,"Bryant, Macdonald and Howard",Harper Inc
1,"Bryant, Macdonald and Howard",Hines-Douglas
1,"Bryant, Macdonald and Howard",Hughes-Clark
1,"Bryant, Macdonald and Howard",Martinez-Le
1,"Bryant, Macdonald and Howard",Montoya Group
1,"Bryant, Macdonald and Howard","Murray, Friedman and Wall"
1,"Bryant, Macdonald and Howard",Namorna Transit Ltd
1,"Bryant, Macdonald and Howard",NyanzaRiver Worldwide AS
1,"Bryant, Macdonald and Howard","Phelps, Brown and Wallace"
1,"Bryant, Macdonald and Howard","Rasmussen, Nelson and King"
1,"Bryant, Macdonald and Howard",Rivas-Stevens
1,"Bryant, Macdonald and Howard",Rosario-Melendez
1,"Bryant, Macdonald and Howard",Serrano-Cruz
1,"Bryant, Macdonald and Howard",V. Miesel Shipping
2,"Bryant, Macdonald and Howard","Vasquez, Chaney and Martinez"
1,"Bryant, Macdonald and Howard",Watson-Gray
1,Burns Inc,Cervantes-Kramer
2,Burns Inc,"Clements, Allen and Sullivan"
1,Burns Inc,"Collins, Johnson and Lloyd"
1,Burns Inc,Davis-Boyd
1,Burns Inc,Dunn Inc
1,Burns Inc,Evans-Pearson
1,Burns Inc,"Faulkner, Schmidt and Wheeler"
1,Burns Inc,Haney Group
1,Burns Inc,Harrell-Walters
1,Burns Inc,Harrington Inc
4,Burns Inc,"Henderson, Hall and Lutz"
1,Burns Inc,Hines-Douglas
1,Burns Inc,Horn and Sons
1,Burns Inc,Jackson Inc
2,Burns Inc,Johnson-Johnson
1,Burns Inc,"Jones, Davis and Grant"
2,Burns Inc,Klein LLC
1,Burns Inc,Lopez-Delgado
1,Burns Inc,"Maldonado, Sanchez and Jones"
1,Burns Inc,Martinez-Daniels
1,Burns Inc,Mclaughlin-Chandler
1,Burns Inc,Moore-Simon
2,Burns Inc,Olsen-Haley
1,Burns Inc,"Patterson, Moreno and Jensen"
2,Burns Inc,Payne Group
1,Burns Inc,Phillips-Newton
1,Burns Inc,Rhodes-Thompson
1,Burns Inc,Rivas-Stevens
2,Burns Inc,"Spencer, Richards and Wilson"
1,Burns Inc,"Taylor, Prince and Sherman"
1,Burns Inc,"Vasquez, Chaney and Martinez"
1,Burns Inc,"Walker, Erickson and Blake"
1,Burns Inc,Wilcox-Nelson
1,Burns Inc,Williams-Moon
1,Burns Inc,York-Castillo
1,"Cain, Simpson and Hernandez",Castillo-Elliott
1,"Cain, Simpson and Hernandez","Clements, Allen and Sullivan"
1,"Cain, Simpson and Hernandez","Cooper, Holland and Nelson"
2,"Cain, Simpson and Hernandez",Craig Ltd
2,"Cain, Simpson and Hernandez",Davis-Boyd
1,"Cain, Simpson and Hernandez",Dunn Inc
2,"Cain, Simpson and Hernandez",Evans-Pearson
1,"Cain, Simpson and Hernandez",Floyd-Cantu
1,"Cain, Simpson and Hernandez","Glover, Moran and Johnson"
1,"Cain, Simpson and Hernandez",Horn and Sons
1,"Cain, Simpson and Hernandez",Jackson Inc
1,"Cain, Simpson and Hernandez",Johnson-Johnson
1,"Cain, Simpson and Hernandez","Massey, King and Quinn"
2,"Cain, Simpson and Hernandez",Mcgee and Sons
1,"Cain, Simpson and Hernandez",Moore-Simon
1,"Cain, Simpson and Hernandez","Nguyen, Marsh and Hall"
1,"Cain, Simpson and Hernandez",Phillips-Newton
2,"Cain, Simpson and Hernandez",Rivas-Stevens
1,"Cain, Simpson and Hernandez",Ross-Curtis
1,"Cain, Simpson and Hernandez",Serrano-Cruz
1,"Cain, Simpson and Hernandez",Solis-Lopez
1,"Cain, Simpson and Hernandez","Taylor, Prince and Sherman"
1,"Cain, Simpson and Hernandez",Thompson-Padilla
1,"Cain, Simpson and Hernandez",Underwood Inc
1,"Cain, Simpson and Hernandez","Vasquez, Chaney and Martinez"
1,"Cain, Simpson and Hernandez",Velasquez Inc
2,Castillo-Elliott,Cervantes-Kramer
1,Castillo-Elliott,"Chavez, Anderson and Taylor"
1,Castillo-Elliott,"Clarke, Scott and Sloan"
1,Castillo-Elliott,"Clements, Allen and Sullivan"
1,Castillo-Elliott,"Collins, Johnson and Lloyd"
1,Castillo-Elliott,"Cooper, Holland and Nelson"
1,Castillo-Elliott,"Cooper, Wood and Smith"
2,Castillo-Elliott,Craig Ltd
1,Castillo-Elliott,Cuevas PLC
1,Castillo-Elliott,Cunningham-Jones
1,Castillo-Elliott,Evans Ltd
1,Castillo-Elliott,Evans-Burns
1,Castillo-Elliott,Fisherman's Best N.V. Express
1,Castillo-Elliott,Franco-Stuart
1,Castillo-Elliott,Frey Inc
1,Castillo-Elliott,Gallagher-Compton
2,Castillo-Elliott,Graham-Andrews
1,Castillo-Elliott,Greer-Holder
1,Castillo-Elliott,Haney Group
2,Castillo-Elliott,Harrington Inc
2,Castillo-Elliott,"Jackson, Mendez and Nguyen"
1,Castillo-Elliott,Johnson-Johnson
1,Castillo-Elliott,"Jones, Davis and Grant"
3,Castillo-Elliott,Kelly-Smith
2,Castillo-Elliott,Maddox Group
2,Castillo-Elliott,Martin LLC
2,Castillo-Elliott,"Martinez, Willis and Barr"
1,Castillo-Elliott,Martinez-Daniels
1,Castillo-Elliott,"Massey, King and Quinn"
2,Castillo-Elliott,Mcgee and Sons
1,Castillo-Elliott,Mclaughlin-Chandler
1,Castillo-Elliott,Moore-Simon
2,Castillo-Elliott,"Murray, Friedman and Wall"
1,Castillo-Elliott,NyanzaRiver Worldwide AS
1,Castillo-Elliott,Rivas-Stevens
1,Castillo-Elliott,"Roth, Logan and Moreno"
1,Castillo-Elliott,Sanchez-Moreno
2,Castillo-Elliott,Serrano-Cruz
1,Castillo-Elliott,Solis-Lopez
1,Castillo-Elliott,Underwood Inc
1,Castillo-Elliott,"Vasquez, Chaney and Martinez"
2,Castillo-Elliott,"Walker, Erickson and Blake"
1,Castillo-Elliott,"Walker, Gonzalez and Blanchard"
1,Castillo-Elliott,Ward-Dunn
2,Castillo-Elliott,Wilcox-Nelson
1,Castillo-Elliott,Wilson-Grant
2,Castillo-Elliott,Wong-Harrell
1,Castillo-Elliott,Wu-Hart
1,Cervantes-Kramer,"Collins, Johnson and Lloyd"
2,Cervantes-Kramer,"Cooper, Wood and Smith"
1,Cervantes-Kramer,Craig Ltd
1,Cervantes-Kramer,Cuevas PLC
1,Cervantes-Kramer,Davis-Boyd
1,Cervantes-Kramer,Evans Ltd
3,Cervantes-Kramer,Evans-Pearson
1,Cervantes-Kramer,"Faulkner, Schmidt and Wheeler"
1,Cervantes-Kramer,Flores Ltd
1,Cervantes-Kramer,Franco-Stuart
1,Cervantes-Kramer,Frey Inc
1,Cervantes-Kramer,Gallagher-Compton
1,Cervantes-Kramer,Harrington Inc
1,Cervantes-Kramer,"Henderson, Hall and Lutz"
1,Cervantes-Kramer,Hernandez-Beasley
1,Cervantes-Kramer,Hines-Douglas
1,Cervantes-Kramer,Jackson Inc
2,Cervantes-Kramer,"Jackson, Mendez and Nguyen"
1,Cervantes-Kramer,Jefferson Inc
1,Cervantes-Kramer,Johnson-Johnson
1,Cervantes-Kramer,Maddox Group
2,Cervantes-Kramer,"Maldonado, Sanchez and Jones"
1,Cervantes-Kramer,Martinez-Daniels
2,Cervantes-Kramer,Mcgee and Sons
1,Cervantes-Kramer,Mclaughlin-Chandler
1,Cervantes-Kramer,Montoya Group
1,Cervantes-Kramer,"Murray, Friedman and Wall"
1,Cervantes-Kramer,"Nguyen, Marsh and Hall"
1,Cervantes-Kramer,Parrish LLC
1,Cervantes-Kramer,Paul Inc
1,Cervantes-Kramer,Payne Group
1,Cervantes-Kramer,"Phelps, Brown and Wallace"
2,Cervantes-Kramer,Phillips-Newton
1,Cervantes-Kramer,Ramos-Shelton
2,Cervantes-Kramer,Rhodes-Thompson
1,Cervantes-Kramer,"Roth, Logan and Moreno"
1,Cervantes-Kramer,"Smith, Smith and Barber"
1,Cervantes-Kramer,"Taylor, Prince and Sherman"
2,Cervantes-Kramer,Thompson-Padilla
1,Cervantes-Kramer,Turner-Green
1,Cervantes-Kramer,"Vasquez, Chaney and Martinez"
2,Cervantes-Kramer,"Walker, Gonzalez and Blanchard"
1,Cervantes-Kramer,Watson-Gray
1,Cervantes-Kramer,Wilson-Grant
1,"Chapman, Hall and Miller",Evans-Pearson
1,"Chapman, Hall and Miller",Harper Inc
1,"Chapman, Hall and Miller",Harrell-Walters
1,"Chapman, Hall and Miller",Hernandez-Rojas
1,"Chapman, Hall and Miller",Hines-Douglas
1,"Chapman, Hall and Miller",Jones Group
1,"Chapman, Hall and Miller",Kelly-Smith
1,"Chapman, Hall and Miller","Mann, Myers and Rivera"
1,"Chapman, Hall and Miller",Mcgee and Sons
2,"Chapman, Hall and Miller",Namorna Transit Ltd
1,"Chapman, Hall and Miller",Phillips-Newton
1,"Chapman, Hall and Miller","Rasmussen, Nelson and King"
1,"Chapman, Hall and Miller",Rosario-Melendez
1,"Chapman, Hall and Miller",Solis-Lopez
1,"Chapman, Hall and Miller","Taylor, Prince and Sherman"
1,"Chapman, Hall and Miller","Walker, Erickson and Blake"
1,"Chavez, Anderson and Taylor",Clark-Leon
1,"Chavez, Anderson and Taylor",Franco-Stuart
1,"Chavez, Anderson and Taylor","Henderson, Hall and Lutz"
2,"Chavez, Anderson and Taylor",Hines-Douglas
1,"Chavez, Anderson and Taylor",Klein LLC
1,"Chavez, Anderson and Taylor",Mclaughlin-Chandler
1,"Chavez, Anderson and Taylor","Murphy, Marshall and Pope"
1,"Chavez, Anderson and Taylor","Murray, Friedman and Wall"
1,"Chavez, Anderson and Taylor",Sanchez-Moreno
1,"Chavez, Anderson and Taylor",Solis-Lopez
1,"Chavez, Anderson and Taylor",Thompson-Padilla
2,"Chavez, Anderson and Taylor",Vargas-Jensen
1,"Chavez, Anderson and Taylor",Watson-Gray
2,"Chavez, Anderson and Taylor",Wu-Hart
1,Cisneros-Meyer,"Clarke, Scott and Sloan"
1,Cisneros-Meyer,"Clements, Allen and Sullivan"
2,Cisneros-Meyer,"Coleman, Nelson and Garcia"
1,Cisneros-Meyer,"Cooper, Holland and Nelson"
1,Cisneros-Meyer,Craig Ltd
3,Cisneros-Meyer,Davis-Boyd
1,Cisneros-Meyer,Ellis-Hunter
1,Cisneros-Meyer,Evans-Burns
1,Cisneros-Meyer,Evans-Pearson
1,Cisneros-Meyer,Flores Ltd
1,Cisneros-Meyer,Greer-Holder
1,Cisneros-Meyer,Harrell-Walters
1,Cisneros-Meyer,Hernandez-Rojas
1,Cisneros-Meyer,Hines-Douglas
1,Cisneros-Meyer,Horn and Sons
1,Cisneros-Meyer,"James, Bell and Chen"
2,Cisneros-Meyer,Johnson-Johnson
1,Cisneros-Meyer,Jones Group
1,Cisneros-Meyer,Kelly-Smith
1,Cisneros-Meyer,"Mann, Myers and Rivera"
1,Cisneros-Meyer,"Martinez, Willis and Barr"
1,Cisneros-Meyer,Martinez-Daniels
2,Cisneros-Meyer,Martinez-Le
1,Cisneros-Meyer,Mcgee and Sons
1,Cisneros-Meyer,Mclaughlin-Chandler
1,Cisneros-Meyer,Montoya Group
1,Cisneros-Meyer,"Murphy, Marshall and Pope"
1,Cisneros-Meyer,NyanzaRiver Worldwide AS
1,Cisneros-Meyer,Paul Inc
1,Cisneros-Meyer,"Phelps, Brown and Wallace"
1,Cisneros-Meyer,Phillips-Newton
1,Cisneros-Meyer,Serrano-Cruz
2,Cisneros-Meyer,"Smith, Smith and Barber"
1,Cisneros-Meyer,Smith-Hull
1,Cisneros-Meyer,Solis-Lopez
4,Cisneros-Meyer,"Spencer, Richards and Wilson"
1,Cisneros-Meyer,Thompson-Padilla
1,Cisneros-Meyer,"Valdez, Dalton and Cook"
1,Cisneros-Meyer,"Vasquez, Chaney and Martinez"
2,Cisneros-Meyer,"Walker, Gonzalez and Blanchard"
1,Cisneros-Meyer,Ward-Dunn
2,Cisneros-Meyer,Watson-Gray
1,Cisneros-Meyer,Wilcox-Nelson
1,Cisneros-Meyer,Wu-Hart
1,Clark-Leon,"Coleman, Thompson and Huber"
1,Clark-Leon,Cook PLC
1,Clark-Leon,Craig Ltd
2,Clark-Leon,Davis-Boyd
1,Clark-Leon,"Dawson, Miles and Little"
1,Clark-Leon,Evans-Pearson
1,Clark-Leon,"Faulkner, Schmidt and Wheeler"
1,Clark-Leon,Frey Inc
1,Clark-Leon,Gallagher-Compton
1,Clark-Leon,"Garcia, Merritt and Rose"
1,Clark-Leon,"Glover, Moran and Johnson"
2,Clark-Leon,Harrell-Walters
1,Clark-Leon,Harrington Inc
1,Clark-Leon,"Hernandez, Levy and Hanson"
1,Clark-Leon,"Jackson, Mendez and Nguyen"
1,Clark-Leon,Lopez-Delgado
1,Clark-Leon,Martin LLC
1,Clark-Leon,"Martinez, Willis and Barr"
1,Clark-Leon,Martinez-Daniels
1,Clark-Leon,Olson and Sons
2,Clark-Leon,Parrish LLC
1,Clark-Leon,Payne Group
1,Clark-Leon,"Phelps, Brown and Wallace"
2,Clark-Leon,"Roth, Logan and Moreno"
1,Clark-Leon,Sanchez-Moreno
1,Clark-Leon,Serrano-Cruz
1,Clark-Leon,Solis-Lopez
2,Clark-Leon,Thompson-Padilla
1,Clark-Leon,Turner-Green
1,Clark-Leon,"Valdez, Dalton and Cook"
1,Clark-Leon,Vargas-Jensen
2,Clark-Leon,Watson-Gray
2,Clark-Leon,Wilson-Grant
1,Clark-Leon,Wong-Harrell
1,Clark-Leon,Wu-Hart
1,Clark-Leon,York-Castillo
2,"Clarke, Scott and Sloan","Clements, Allen and Sullivan"
2,"Clarke, Scott and Sloan","Coleman, Thompson and Huber"
1,"Clarke, Scott and Sloan","Collins, Johnson and Lloyd"
1,"Clarke, Scott and Sloan",Conrad Ltd
2,"Clarke, Scott and Sloan",Cuevas PLC
2,"Clarke, Scott and Sloan",Evans-Burns
1,"Clarke, Scott and Sloan",Flores Ltd
2,"Clarke, Scott and Sloan","Glover, Moran and Johnson"
2,"Clarke, Scott and Sloan",Haney Group
1,"Clarke, Scott and Sloan",Harper Inc
1,"Clarke, Scott and Sloan",Harrell-Walters
1,"Clarke, Scott and Sloan",Hughes-Clark
4,"Clarke, Scott and Sloan",Jackson Inc
1,"Clarke, Scott and Sloan","Jackson, Mendez and Nguyen"
1,"Clarke, Scott and Sloan","James, Bell and Chen"
3,"Clarke, Scott and Sloan",Jefferson Inc
1,"Clarke, Scott and Sloan",Johnson-Johnson
1,"Clarke, Scott and Sloan",Lake Victoria Catch GmbH
2,"Clarke, Scott and Sloan",Maddox Group
2,"Clarke, Scott and Sloan","Maldonado, Sanchez and Jones"
3,"Clarke, Scott and Sloan",Martinez-Daniels
1,"Clarke, Scott and Sloan",Martinez-Le
1,"Clarke, Scott and Sloan",Montoya Group
2,"Clarke, Scott and Sloan","Nguyen, Marsh and Hall"
1,"Clarke, Scott and Sloan","Patterson, Moreno and Jensen"
1,"Clarke, Scott and Sloan",Perez-Harmon
2,"Clarke, Scott and Sloan","Rasmussen, Nelson and King"
2,"Clarke, Scott and Sloan",Rhodes-Thompson
1,"Clarke, Scott and Sloan","Smith, Smith and Barber"
1,"Clarke, Scott and Sloan",Smith-Hull
2,"Clarke, Scott and Sloan",Solis-Lopez
1,"Clarke, Scott and Sloan",Thomas-Weaver
1,"Clarke, Scott and Sloan",Thompson-Padilla
1,"Clarke, Scott and Sloan",V. Miesel Shipping
2,"Clarke, Scott and Sloan","Valdez, Dalton and Cook"
1,"Clarke, Scott and Sloan",Wilcox-Nelson
5,"Clarke, Scott and Sloan",Wu-Hart
1,"Clements, Allen and Sullivan","Coleman, Thompson and Huber"
1,"Clements, Allen and Sullivan","Collins, Johnson and Lloyd"
1,"Clements, Allen and Sullivan",Craig Ltd
1,"Clements, Allen and Sullivan",Davis-Boyd
1,"Clements, Allen and Sullivan",Dunn Inc
1,"Clements, Allen and Sullivan",Evans-Burns
1,"Clements, Allen and Sullivan","Faulkner, Schmidt and Wheeler"
2,"Clements, Allen and Sullivan",Franco-Stuart
2,"Clements, Allen and Sullivan","Glover, Moran and Johnson"
1,"Clements, Allen and Sullivan",Greer-Holder
2,"Clements, Allen and Sullivan",Haney Group
1,"Clements, Allen and Sullivan",Harrell-Walters
2,"Clements, Allen and Sullivan",Harrington Inc
1,"Clements, Allen and Sullivan",Hernandez-Beasley
1,"Clements, Allen and Sullivan",Hernandez-Rojas
1,"Clements, Allen and Sullivan",Horn and Sons
1,"Clements, Allen and Sullivan","Jackson, Mendez and Nguyen"
1,"Clements, Allen and Sullivan","James, Bell and Chen"
2,"Clements, Allen and Sullivan","Jones, Davis and Grant"
1,"Clements, Allen and Sullivan",Klein LLC
1,"Clements, Allen and Sullivan",Lopez-Delgado
1,"Clements, Allen and Sullivan","Maldonado, Sanchez and Jones"
1,"Clements, Allen and Sullivan",Martin LLC
2,"Clements, Allen and Sullivan","Murphy, Marshall and Pope"
1,"Clements, Allen and Sullivan",NyanzaRiver Worldwide AS
2,"Clements, Allen and Sullivan",Olsen-Haley
1,"Clements, Allen and Sullivan",Olson and Sons
1,"Clements, Allen and Sullivan",Parrish LLC
1,"Clements, Allen and Sullivan",Payne Group
1,"Clements, Allen and Sullivan",Perez-Harmon
1,"Clements, Allen and Sullivan","Phelps, Brown and Wallace"
1,"Clements, Allen and Sullivan","Rasmussen, Nelson and King"
1,"Clements, Allen and Sullivan",Rivas-Stevens
1,"Clements, Allen and Sullivan",Ross-Curtis
1,"Clements, Allen and Sullivan","Taylor, Prince and Sherman"
1,"Clements, Allen and Sullivan",Thomas-Weaver
1,"Clements, Allen and Sullivan",Thompson-Padilla
1,"Clements, Allen and Sullivan",Underwood Inc
1,"Clements, Allen and Sullivan",Velasquez Inc
1,"Coleman, Nelson and Garcia",Craig Ltd
1,"Coleman, Nelson and Garcia",Evans-Pearson
1,"Coleman, Nelson and Garcia",Franco-Stuart
2,"Coleman, Nelson and Garcia","Glover, Moran and Johnson"
1,"Coleman, Nelson and Garcia",Mcgee and Sons
2,"Coleman, Nelson and Garcia","Murphy, Marshall and Pope"
1,"Coleman, Nelson and Garcia","Murray, Friedman and Wall"
1,"Coleman, Nelson and Garcia",PregolyaDredge Logistics Incorporated
1,"Coleman, Nelson and Garcia",Rivas-Stevens
1,"Coleman, Nelson and Garcia",Sanchez-Moreno
2,"Coleman, Nelson and Garcia",Turner-Green
1,"Coleman, Nelson and Garcia",Wilcox-Nelson
1,"Coleman, Nelson and Garcia",Wu-Hart
1,"Coleman, Thompson and Huber","Cooper, Holland and Nelson"
1,"Coleman, Thompson and Huber",Cuevas PLC
1,"Coleman, Thompson and Huber",Harper Inc
2,"Coleman, Thompson and Huber",Harrell-Walters
1,"Coleman, Thompson and Huber",Harrington Inc
1,"Coleman, Thompson and Huber",Hines-Douglas
1,"Coleman, Thompson and Huber",Horn and Sons
2,"Coleman, Thompson and Huber",Jackson Inc
1,"Coleman, Thompson and Huber",Kelly-Smith
1,"Coleman, Thompson and Huber",Martin LLC
1,"Coleman, Thompson and Huber",Martinez-Le
2,"Coleman, Thompson and Huber",Mcgee and Sons
1,"Coleman, Thompson and Huber",Mclaughlin-Chandler
1,"Coleman, Thompson and Huber",Olsen Group
1,"Coleman, Thompson and Huber",Phillips-Newton
2,"Coleman, Thompson and Huber",Sanchez-Moreno
1,"Coleman, Thompson and Huber","Spencer, Richards and Wilson"
3,"Coleman, Thompson and Huber",Thompson-Padilla
2,"Coleman, Thompson and Huber",Vargas-Jensen
1,"Coleman, Thompson and Huber","Vasquez, Chaney and Martinez"
1,"Coleman, Thompson and Huber",Watson-Gray
1,"Coleman, Thompson and Huber",Wu-Hart
1,"Collins, Johnson and Lloyd","Cooper, Holland and Nelson"
1,"Collins, Johnson and Lloyd","Cooper, Wood and Smith"
1,"Collins, Johnson and Lloyd",Cuevas PLC
1,"Collins, Johnson and Lloyd",Greer-Holder
2,"Collins, Johnson and Lloyd",Harrell-Walters
1,"Collins, Johnson and Lloyd",Hines-Douglas
1,"Collins, Johnson and Lloyd",Hughes-Clark
1,"Collins, Johnson and Lloyd",Johnson-Johnson
1,"Collins, Johnson and Lloyd","Jones, Davis and Grant"
1,"Collins, Johnson and Lloyd","Murray, Friedman and Wall"
1,"Collins, Johnson and Lloyd",Serrano-Cruz
3,"Collins, Johnson and Lloyd","Taylor, Prince and Sherman"
1,"Collins, Johnson and Lloyd",Thompson-Padilla
1,"Collins, Johnson and Lloyd",Vargas-Jensen
1,"Collins, Johnson and Lloyd",Wu-Hart
1,Conrad Ltd,Davis-Boyd
2,Conrad Ltd,"Glover, Moran and Johnson"
1,Conrad Ltd,Greer-Holder
1,Conrad Ltd,Harper Inc
2,Conrad Ltd,"Henderson, Hall and Lutz"
1,Conrad Ltd,Hines-Douglas
1,Conrad Ltd,Hughes-Clark
1,Conrad Ltd,Jones Group
1,Conrad Ltd,"Jones, Davis and Grant"
2,Conrad Ltd,Klein LLC
1,Conrad Ltd,"Mann, Myers and Rivera"
2,Conrad Ltd,Mclaughlin-Chandler
1,Conrad Ltd,Rivas-Stevens
1,Conrad Ltd,Rosario-Melendez
1,Conrad Ltd,"Taylor, Prince and Sherman"
1,Conrad Ltd,Thompson-Padilla
1,Conrad Ltd,"Vasquez, Chaney and Martinez"
1,Conrad Ltd,Wu-Hart
3,Cook PLC,Craig Ltd
1,Cook PLC,Cuevas PLC
1,Cook PLC,Davis-Boyd
1,Cook PLC,"Faulkner, Schmidt and Wheeler"
1,Cook PLC,Flores Ltd
1,Cook PLC,Franco-Stuart
2,Cook PLC,Frey Inc
2,Cook PLC,Gallagher-Compton
1,Cook PLC,Haney Group
1,Cook PLC,Harper Inc
1,Cook PLC,Harrington Inc
3,Cook PLC,Hernandez-Rojas
1,Cook PLC,Hughes-Clark
1,Cook PLC,"Jones, Davis and Grant"
1,Cook PLC,Kelly-Smith
1,Cook PLC,Lee-Smith
1,Cook PLC,Lutz-Fleming
1,Cook PLC,Martin LLC
1,Cook PLC,Mclaughlin-Chandler
1,Cook PLC,Parrish LLC
1,Cook PLC,Paul Inc
1,Cook PLC,Payne Group
1,Cook PLC,"Rasmussen, Nelson and King"
2,Cook PLC,Rivas-Stevens
1,Cook PLC,Ross-Curtis
1,Cook PLC,"Spencer, Richards and Wilson"
1,Cook PLC,"Taylor, Prince and Sherman"
1,Cook PLC,V. Miesel Shipping
2,Cook PLC,"Walker, Erickson and Blake"
1,"Cooper, Holland and Nelson",Craig Ltd
1,"Cooper, Holland and Nelson",Davis-Boyd
1,"Cooper, Holland and Nelson",Dunn Inc
1,"Cooper, Holland and Nelson",Evans Ltd
1,"Cooper, Holland and Nelson",Evans-Pearson
1,"Cooper, Holland and Nelson",Fisherman's Best N.V. Express
1,"Cooper, Holland and Nelson",Flores Ltd
1,"Cooper, Holland and Nelson",Floyd-Cantu
1,"Cooper, Holland and Nelson",Haney Group
1,"Cooper, Holland and Nelson","Henderson, Hall and Lutz"
1,"Cooper, Holland and Nelson",Hernandez-Beasley
1,"Cooper, Holland and Nelson",Hernandez-Rojas
1,"Cooper, Holland and Nelson",Hines-Douglas
1,"Cooper, Holland and Nelson",Hughes-Clark
1,"Cooper, Holland and Nelson","Jackson, Mendez and Nguyen"
2,"Cooper, Holland and Nelson","James, Bell and Chen"
1,"Cooper, Holland and Nelson",Jefferson Inc
2,"Cooper, Holland and Nelson",Jones Group
1,"Cooper, Holland and Nelson","Jones, Davis and Grant"
1,"Cooper, Holland and Nelson",Kelly-Smith
1,"Cooper, Holland and Nelson",Lee-Smith
2,"Cooper, Holland and Nelson",Lopez-Delgado
1,"Cooper, Holland and Nelson",Martin LLC
1,"Cooper, Holland and Nelson",Martinez-Daniels
1,"Cooper, Holland and Nelson",Martinez-Le
1,"Cooper, Holland and Nelson","Massey, King and Quinn"
1,"Cooper, Holland and Nelson",Moore-Simon
1,"Cooper, Holland and Nelson",Myers-Alvarez
1,"Cooper, Holland and Nelson",Parrish LLC
1,"Cooper, Holland and Nelson",Paul Inc
1,"Cooper, Holland and Nelson",Perez-Harmon
2,"Cooper, Holland and Nelson",Ramos-Shelton
1,"Cooper, Holland and Nelson","Rasmussen, Nelson and King"
1,"Cooper, Holland and Nelson",Rhodes-Thompson
1,"Cooper, Holland and Nelson",Ross-Curtis
1,"Cooper, Holland and Nelson",Serrano-Cruz
1,"Cooper, Holland and Nelson","Spencer, Richards and Wilson"
2,"Cooper, Holland and Nelson","Taylor, Prince and Sherman"
1,"Cooper, Holland and Nelson",Underwood Inc
1,"Cooper, Holland and Nelson","Walker, Erickson and Blake"
1,"Cooper, Holland and Nelson","Walker, Gonzalez and Blanchard"
3,"Cooper, Holland and Nelson",Watson-Gray
1,"Cooper, Holland and Nelson",Wilcox-Nelson
1,"Cooper, Wood and Smith",Franco-Stuart
1,"Cooper, Wood and Smith",Frey Inc
1,"Cooper, Wood and Smith","Glover, Moran and Johnson"
1,"Cooper, Wood and Smith",Harrell-Walters
2,"Cooper, Wood and Smith",Harrington Inc
1,"Cooper, Wood and Smith","Henderson, Hall and Lutz"
1,"Cooper, Wood and Smith",Hines-Douglas
1,"Cooper, Wood and Smith",Hughes-Clark
1,"Cooper, Wood and Smith","Jones, Davis and Grant"
2,"Cooper, Wood and Smith",Kelly-Smith
1,"Cooper, Wood and Smith","Mann, Myers and Rivera"
1,"Cooper, Wood and Smith",Mclaughlin-Chandler
1,"Cooper, Wood and Smith","Murray, Friedman and Wall"
1,"Cooper, Wood and Smith","Rasmussen, Nelson and King"
3,"Cooper, Wood and Smith",Rivas-Stevens
1,"Cooper, Wood and Smith","Roth, Logan and Moreno"
1,"Cooper, Wood and Smith","Spencer, Richards and Wilson"
1,"Cooper, Wood and Smith",Thompson-Padilla
1,"Cooper, Wood and Smith","Valdez, Dalton and Cook"
1,"Cooper, Wood and Smith","Walker, Erickson and Blake"
1,"Cooper, Wood and Smith",Watson-Gray
1,"Cooper, Wood and Smith",Wu-Hart
1,Craig Ltd,Cuevas PLC
1,Craig Ltd,Cunningham-Jones
1,Craig Ltd,"Dawson, Miles and Little"
1,Craig Ltd,Dunn Inc
1,Craig Ltd,Ellis-Hunter
1,Craig Ltd,Evans Ltd
2,Craig Ltd,Evans-Pearson
1,Craig Ltd,Frank Group
1,Craig Ltd,Gallagher-Compton
2,Craig Ltd,"Glover, Moran and Johnson"
2,Craig Ltd,Graham-Andrews
2,Craig Ltd,Harrington Inc
1,Craig Ltd,"Henderson, Hall and Lutz"
2,Craig Ltd,Hernandez-Beasley
1,Craig Ltd,Horn and Sons
1,Craig Ltd,Hughes-Clark
2,Craig Ltd,"Jackson, Mendez and Nguyen"
1,Craig Ltd,Jefferson Inc
1,Craig Ltd,Johnson-Johnson
2,Craig Ltd,Kelly-Smith
2,Craig Ltd,Klein LLC
1,Craig Ltd,Lake Victoria Catch GmbH
2,Craig Ltd,Lopez-Delgado
1,Craig Ltd,Martin LLC
1,Craig Ltd,Montoya Group
1,Craig Ltd,"Murphy, Marshall and Pope"
2,Craig Ltd,Namorna Transit Ltd
1,Craig Ltd,Parrish LLC
1,Craig Ltd,Rhodes-Thompson
1,Craig Ltd,Rosario-Melendez
1,Craig Ltd,"Roth, Logan and Moreno"
1,Craig Ltd,Sanchez-Moreno
1,Craig Ltd,Serrano-Cruz
1,Craig Ltd,"Smith, Smith and Barber"
1,Craig Ltd,Solis-Lopez
1,Craig Ltd,Vargas-Jensen
2,Craig Ltd,"Walker, Gonzalez and Blanchard"
1,Craig Ltd,Watson-Gray
1,Craig Ltd,Wilcox-Nelson
1,Craig Ltd,Wong-Harrell
1,Cuevas PLC,Davis-Boyd
2,Cuevas PLC,Harper Inc
2,Cuevas PLC,Harrell-Walters
1,Cuevas PLC,Harrington Inc
1,Cuevas PLC,"Hernandez, Levy and Hanson"
1,Cuevas PLC,Hernandez-Rojas
4,Cuevas PLC,Hines-Douglas
1,Cuevas PLC,Horn and Sons
1,Cuevas PLC,Jackson Inc
1,Cuevas PLC,Johnson-Johnson
1,Cuevas PLC,"Jones, Davis and Grant"
2,Cuevas PLC,Klein LLC
1,Cuevas PLC,"Mann, Myers and Rivera"
1,Cuevas PLC,Martin LLC
1,Cuevas PLC,Mclaughlin-Chandler
1,Cuevas PLC,"Murphy, Marshall and Pope"
1,Cuevas PLC,NyanzaRiver Worldwide AS
1,Cuevas PLC,"Phelps, Brown and Wallace"
1,Cuevas PLC,Phillips-Newton
1,Cuevas PLC,"Rasmussen, Nelson and King"
1,Cuevas PLC,Rhodes-Thompson
2,Cuevas PLC,Rivas-Stevens
1,Cuevas PLC,Sanchez-Moreno
2,Cuevas PLC,Thompson-Padilla
1,Cuevas PLC,Underwood Inc
1,Cuevas PLC,"Valdez, Dalton and Cook"
1,Cuevas PLC,Williams-Moon
1,Cuevas PLC,York-Castillo
1,Cunningham-Jones,Davis-Boyd
1,Cunningham-Jones,Flores Ltd
1,Cunningham-Jones,Harrell-Walters
1,Cunningham-Jones,Harrington Inc
1,Cunningham-Jones,Hines-Douglas
2,Cunningham-Jones,Hughes-Clark
1,Cunningham-Jones,Kelly-Smith
1,Cunningham-Jones,Mcgee and Sons
1,Cunningham-Jones,Rivas-Stevens
1,Cunningham-Jones,"Roth, Logan and Moreno"
1,Cunningham-Jones,Sanchez-Moreno
1,Cunningham-Jones,Solis-Lopez
2,Cunningham-Jones,"Spencer, Richards and Wilson"
1,Cunningham-Jones,Thompson-Padilla
1,Cunningham-Jones,"Valdez, Dalton and Cook"
1,Cunningham-Jones,"Vasquez, Chaney and Martinez"
1,Cunningham-Jones,"Walker, Erickson and Blake"
1,Cunningham-Jones,Wilcox-Nelson
1,Cunningham-Jones,Wu-Hart
1,Davis-Boyd,"Dawson, Miles and Little"
1,Davis-Boyd,Evans-Pearson
1,Davis-Boyd,Gallagher-Compton
1,Davis-Boyd,Graham-Andrews
1,Davis-Boyd,Harrell-Walters
1,Davis-Boyd,Harrington Inc
1,Davis-Boyd,"Henderson, Hall and Lutz"
2,Davis-Boyd,Hines-Douglas
1,Davis-Boyd,Jackson Inc
1,Davis-Boyd,Jefferson Inc
1,Davis-Boyd,"Maldonado, Sanchez and Jones"
2,Davis-Boyd,Montoya Group
1,Davis-Boyd,"Murphy, Marshall and Pope"
1,Davis-Boyd,"Murray, Friedman and Wall"
1,Davis-Boyd,Olsen-Haley
1,Davis-Boyd,"Phelps, Brown and Wallace"
2,Davis-Boyd,"Spencer, Richards and Wilson"
1,Davis-Boyd,V. Miesel Shipping
1,Davis-Boyd,"Walker, Gonzalez and Blanchard"
1,Davis-Boyd,Wilcox-Nelson
1,Davis-Boyd,Williams-Moon
1,Davis-Boyd,Wong-Harrell
1,"Dawson, Miles and Little",Evans-Pearson
2,"Dawson, Miles and Little","Glover, Moran and Johnson"
1,"Dawson, Miles and Little","Henderson, Hall and Lutz"
1,"Dawson, Miles and Little",Jackson Inc
1,"Dawson, Miles and Little",Kelly-Smith
1,"Dawson, Miles and Little",Klein LLC
1,"Dawson, Miles and Little",Martinez-Le
1,"Dawson, Miles and Little",PregolyaDredge Logistics Incorporated
1,"Dawson, Miles and Little",Ramos-Shelton
1,"Dawson, Miles and Little","Rasmussen, Nelson and King"
1,"Dawson, Miles and Little",Sanchez-Moreno
2,"Dawson, Miles and Little",Solis-Lopez
2,"Dawson, Miles and Little",V. Miesel Shipping
1,"Dawson, Miles and Little","Valdez, Dalton and Cook"
1,"Dawson, Miles and Little","Walker, Erickson and Blake"
1,Dunn Inc,Harper Inc
1,Dunn Inc,Harrington Inc
1,Dunn Inc,"Henderson, Hall and Lutz"
1,Dunn Inc,Hines-Douglas
1,Dunn Inc,Jones Group
1,Dunn Inc,Kelly-Smith
2,Dunn Inc,"Mann, Myers and Rivera"
2,Dunn Inc,Montoya Group
1,Dunn Inc,NyanzaRiver Worldwide AS
1,Dunn Inc,Olsen Group
1,Dunn Inc,"Phelps, Brown and Wallace"
1,Dunn Inc,"Rasmussen, Nelson and King"
1,Dunn Inc,Rhodes-Thompson
2,Dunn Inc,Rivas-Stevens
1,Dunn Inc,Rosario-Melendez
1,Dunn Inc,"Roth, Logan and Moreno"
1,Dunn Inc,Serrano-Cruz
1,Dunn Inc,"Taylor, Prince and Sherman"
1,Dunn Inc,V. Miesel Shipping
1,Dunn Inc,Vargas-Jensen
2,Dunn Inc,Watson-Gray
1,Dunn Inc,Wilcox-Nelson
1,Dunn Inc,Wu-Hart
1,Ellis-Hunter,Franco-Stuart
2,Ellis-Hunter,Frey Inc
2,Ellis-Hunter,"Glover, Moran and Johnson"
1,Ellis-Hunter,Harper Inc
1,Ellis-Hunter,"Henderson, Hall and Lutz"
2,Ellis-Hunter,Hernandez-Rojas
2,Ellis-Hunter,Hughes-Clark
2,Ellis-Hunter,"Jones, Davis and Grant"
1,Ellis-Hunter,Lutz-Fleming
1,Ellis-Hunter,Martin LLC
1,Ellis-Hunter,Mclaughlin-Chandler
1,Ellis-Hunter,"Murphy, Marshall and Pope"
1,Ellis-Hunter,Ramos-Shelton
1,Ellis-Hunter,Rivas-Stevens
1,Ellis-Hunter,"Roth, Logan and Moreno"
1,Ellis-Hunter,Sanchez-Moreno
1,Ellis-Hunter,Solis-Lopez
1,Ellis-Hunter,"Taylor, Prince and Sherman"
1,Ellis-Hunter,Thomas-Weaver
2,Ellis-Hunter,Thompson-Padilla
1,Ellis-Hunter,"Walker, Erickson and Blake"
3,Ellis-Hunter,Wu-Hart
1,Evans Ltd,Flores Ltd
2,Evans Ltd,"Glover, Moran and Johnson"
1,Evans Ltd,Greer-Holder
2,Evans Ltd,"Henderson, Hall and Lutz"
1,Evans Ltd,Hernandez-Rojas
1,Evans Ltd,Klein LLC
1,Evans Ltd,Mclaughlin-Chandler
1,Evans Ltd,"Murphy, Marshall and Pope"
1,Evans Ltd,Rivas-Stevens
2,Evans Ltd,"Roth, Logan and Moreno"
1,Evans Ltd,Sanchez-Moreno
2,Evans Ltd,Solis-Lopez
1,Evans Ltd,"Spencer, Richards and Wilson"
1,Evans Ltd,"Taylor, Prince and Sherman"
1,Evans Ltd,Thompson-Padilla
1,Evans Ltd,"Walker, Erickson and Blake"
2,Evans Ltd,Watson-Gray
1,Evans-Burns,"Glover, Moran and Johnson"
1,Evans-Burns,Harrington Inc
1,Evans-Burns,Hernandez-Rojas
1,Evans-Burns,Jackson Inc
1,Evans-Burns,Kelly-Smith
1,Evans-Burns,"Mann, Myers and Rivera"
1,Evans-Burns,Martinez-Le
1,Evans-Burns,Mcgee and Sons
2,Evans-Burns,"Murray, Friedman and Wall"
1,Evans-Burns,NyanzaRiver Worldwide AS
2,Evans-Burns,"Phelps, Brown and Wallace"
1,Evans-Burns,Phillips-Newton
1,Evans-Burns,Sanchez-Moreno
1,Evans-Burns,"Taylor, Prince and Sherman"
2,Evans-Burns,Vargas-Jensen
1,Evans-Burns,"Walker, Erickson and Blake"
1,Evans-Burns,Wilcox-Nelson
1,Evans-Pearson,"Faulkner, Schmidt and Wheeler"
1,Evans-Pearson,Fisherman's Best N.V. Express
1,Evans-Pearson,Flores Ltd
1,Evans-Pearson,Floyd-Cantu
1,Evans-Pearson,Gallagher-Compton
2,Evans-Pearson,"Garcia, Merritt and Rose"
2,Evans-Pearson,"Glover, Moran and Johnson"
1,Evans-Pearson,Graham-Andrews
3,Evans-Pearson,Haney Group
3,Evans-Pearson,Harrington Inc
1,Evans-Pearson,"Hernandez, Levy and Hanson"
1,Evans-Pearson,Hernandez-Rojas
1,Evans-Pearson,Hines-Douglas
2,Evans-Pearson,Hughes-Clark
1,Evans-Pearson,"Jackson, Mendez and Nguyen"
1,Evans-Pearson,"James, Bell and Chen"
1,Evans-Pearson,Johnson-Johnson
2,Evans-Pearson,"Jones, Davis and Grant"
2,Evans-Pearson,Lopez-Delgado
2,Evans-Pearson,Lutz-Fleming
1,Evans-Pearson,Maddox Group
1,Evans-Pearson,"Maldonado, Sanchez and Jones"
1,Evans-Pearson,"Mann, Myers and Rivera"
1,Evans-Pearson,"Massey, King and Quinn"
2,Evans-Pearson,"Murphy, Marshall and Pope"
1,Evans-Pearson,"Murray, Friedman and Wall"
2,Evans-Pearson,Myers-Alvarez
1,Evans-Pearson,Olsen Group
1,Evans-Pearson,Parrish LLC
1,Evans-Pearson,Payne Group
1,Evans-Pearson,"Phelps, Brown and Wallace"
1,Evans-Pearson,Phillips-Newton
1,Evans-Pearson,"Rasmussen, Nelson and King"
1,Evans-Pearson,Rivas-Stevens
1,Evans-Pearson,Rosario-Melendez
2,Evans-Pearson,Sanchez-Moreno
1,Evans-Pearson,Thomas-Weaver
3,Evans-Pearson,Thompson-Padilla
1,Evans-Pearson,Underwood Inc
1,Evans-Pearson,"Valdez, Dalton and Cook"
1,Evans-Pearson,Vargas-Jensen
3,Evans-Pearson,Watson-Gray
1,Evans-Pearson,Williams-Moon
1,"Faulkner, Schmidt and Wheeler",Flores Ltd
1,"Faulkner, Schmidt and Wheeler",Frey Inc
1,"Faulkner, Schmidt and Wheeler",Greer-Holder
1,"Faulkner, Schmidt and Wheeler",Harper Inc
2,"Faulkner, Schmidt and Wheeler",Harrell-Walters
1,"Faulkner, Schmidt and Wheeler",Hernandez-Rojas
1,"Faulkner, Schmidt and Wheeler",Jones Group
1,"Faulkner, Schmidt and Wheeler",Martin LLC
1,"Faulkner, Schmidt and Wheeler",Martinez-Le
1,"Faulkner, Schmidt and Wheeler","Murphy, Marshall and Pope"
1,"Faulkner, Schmidt and Wheeler",Namorna Transit Ltd
2,"Faulkner, Schmidt and Wheeler",Phillips-Newton
1,"Faulkner, Schmidt and Wheeler","Rasmussen, Nelson and King"
1,"Faulkner, Schmidt and Wheeler",Rivas-Stevens
1,"Faulkner, Schmidt and Wheeler",Thompson-Padilla
1,"Faulkner, Schmidt and Wheeler",Vargas-Jensen
1,"Faulkner, Schmidt and Wheeler","Vasquez, Chaney and Martinez"
1,Fisherman's Best N.V. Express,"Glover, Moran and Johnson"
1,Fisherman's Best N.V. Express,Harrell-Walters
1,Fisherman's Best N.V. Express,Harrington Inc
1,Fisherman's Best N.V. Express,Horn and Sons
1,Fisherman's Best N.V. Express,Hughes-Clark
1,Fisherman's Best N.V. Express,Jackson Inc
1,Fisherman's Best N.V. Express,Mclaughlin-Chandler
1,Fisherman's Best N.V. Express,"Phelps, Brown and Wallace"
1,Fisherman's Best N.V. Express,Phillips-Newton
1,Fisherman's Best N.V. Express,Ramos-Shelton
2,Fisherman's Best N.V. Express,Rivas-Stevens
1,Fisherman's Best N.V. Express,"Roth, Logan and Moreno"
1,Fisherman's Best N.V. Express,Sanchez-Moreno
1,Fisherman's Best N.V. Express,Solis-Lopez
1,Fisherman's Best N.V. Express,"Taylor, Prince and Sherman"
1,Fisherman's Best N.V. Express,Thompson-Padilla
2,Fisherman's Best N.V. Express,Watson-Gray
1,Flores Ltd,Franco-Stuart
2,Flores Ltd,"Glover, Moran and Johnson"
1,Flores Ltd,Harrell-Walters
1,Flores Ltd,Harrington Inc
1,Flores Ltd,Hernandez-Beasley
2,Flores Ltd,Hernandez-Rojas
1,Flores Ltd,Hines-Douglas
2,Flores Ltd,Kelly-Smith
2,Flores Ltd,"Mann, Myers and Rivera"
1,Flores Ltd,"Martinez, Willis and Barr"
1,Flores Ltd,Martinez-Daniels
1,Flores Ltd,Martinez-Le
1,Flores Ltd,Mclaughlin-Chandler
1,Flores Ltd,Olsen Group
1,Flores Ltd,Parrish LLC
1,Flores Ltd,Perez-Harmon
1,Flores Ltd,Phillips-Newton
1,Flores Ltd,"Rasmussen, Nelson and King"
1,Flores Ltd,Smith-Hull
1,Flores Ltd,Solis-Lopez
1,Flores Ltd,"Taylor, Prince and Sherman"
1,Flores Ltd,"Valdez, Dalton and Cook"
1,Flores Ltd,Watson-Gray
1,Flores Ltd,Wilcox-Nelson
1,Flores Ltd,"Willis, Vasquez and Goodwin"
1,Flores Ltd,Wu-Hart
1,Floyd-Cantu,Jones Group
1,Floyd-Cantu,Kelly-Smith
1,Floyd-Cantu,Klein LLC
1,Floyd-Cantu,Mclaughlin-Chandler
1,Floyd-Cantu,Montoya Group
1,Floyd-Cantu,Olsen Group
1,Floyd-Cantu,Phillips-Newton
2,Floyd-Cantu,Ramos-Shelton
1,Floyd-Cantu,"Roth, Logan and Moreno"
2,Floyd-Cantu,Sanchez-Moreno
1,Floyd-Cantu,"Spencer, Richards and Wilson"
1,Floyd-Cantu,Wilcox-Nelson
1,Floyd-Cantu,York-Castillo
1,Franco-Stuart,Frank Group
2,Franco-Stuart,"Glover, Moran and Johnson"
1,Franco-Stuart,Greer-Holder
1,Franco-Stuart,Harper Inc
1,Franco-Stuart,Harrington Inc
1,Franco-Stuart,"Hernandez, Levy and Hanson"
1,Franco-Stuart,Jones Group
1,Franco-Stuart,Kelly-Smith
1,Franco-Stuart,Lake Victoria Catch GmbH
1,Franco-Stuart,Lutz-Fleming
1,Franco-Stuart,Mclaughlin-Chandler
1,Franco-Stuart,Myers-Alvarez
1,Franco-Stuart,"Nguyen, Marsh and Hall"
1,Franco-Stuart,NyanzaRiver Worldwide AS
1,Franco-Stuart,Paul Inc
1,Franco-Stuart,Rosario-Melendez
1,Franco-Stuart,"Spencer, Richards and Wilson"
1,Franco-Stuart,Turner-Green
1,Franco-Stuart,V. Miesel Shipping
1,Franco-Stuart,"Vasquez, Chaney and Martinez"
1,Franco-Stuart,"Walker, Erickson and Blake"
1,Franco-Stuart,"Willis, Vasquez and Goodwin"
1,Franco-Stuart,Wilson-Grant
2,Franco-Stuart,Wu-Hart
1,Frank Group,Harper Inc
2,Frank Group,"Henderson, Hall and Lutz"
1,Frank Group,Horn and Sons
1,Frank Group,Hughes-Clark
1,Frank Group,Jackson Inc
1,Frank Group,Jones Group
1,Frank Group,Kelly-Smith
1,Frank Group,"Mann, Myers and Rivera"
1,Frank Group,Martin LLC
1,Frank Group,"Murray, Friedman and Wall"
1,Frank Group,Rivas-Stevens
1,Frank Group,"Roth, Logan and Moreno"
1,Frank Group,Wilcox-Nelson
1,Frank Group,York-Castillo
1,Frey Inc,Harrington Inc
1,Frey Inc,Holt PLC
1,Frey Inc,"Jones, Davis and Grant"
1,Frey Inc,Lopez-Delgado
1,Frey Inc,Lutz-Fleming
2,Frey Inc,"Massey, King and Quinn"
2,Frey Inc,Mclaughlin-Chandler
1,Frey Inc,"Murray, Friedman and Wall"
1,Frey Inc,Payne Group
1,Frey Inc,Rhodes-Thompson
1,Frey Inc,Ross-Curtis
1,Frey Inc,Serrano-Cruz
1,Frey Inc,"Smith, Smith and Barber"
1,Frey Inc,Smith-Hull
1,Frey Inc,Thompson-Padilla
1,Frey Inc,"Walker, Erickson and Blake"
1,Frey Inc,Ward-Dunn
3,Frey Inc,Watson-Gray
1,Frey Inc,Williams-Moon
2,Frey Inc,Wu-Hart
1,Gallagher-Compton,Harper Inc
1,Gallagher-Compton,Harrington Inc
1,Gallagher-Compton,"Henderson, Hall and Lutz"
1,Gallagher-Compton,Hernandez-Rojas
1,Gallagher-Compton,Hughes-Clark
1,Gallagher-Compton,Jackson Inc
2,Gallagher-Compton,Klein LLC
1,Gallagher-Compton,Mcgee and Sons
1,Gallagher-Compton,Moore-Simon
1,Gallagher-Compton,NyanzaRiver Worldwide AS
1,Gallagher-Compton,"Phelps, Brown and Wallace"
1,Gallagher-Compton,Rhodes-Thompson
1,Gallagher-Compton,Rivas-Stevens
1,Gallagher-Compton,"Spencer, Richards and Wilson"
1,Gallagher-Compton,Turner-Green
1,Gallagher-Compton,Vargas-Jensen
1,"Garcia, Merritt and Rose","Glover, Moran and Johnson"
1,"Garcia, Merritt and Rose",Harrell-Walters
2,"Garcia, Merritt and Rose","Henderson, Hall and Lutz"
1,"Garcia, Merritt and Rose",Jones Group
2,"Garcia, Merritt and Rose","Mann, Myers and Rivera"
1,"Garcia, Merritt and Rose",Martinez-Le
1,"Garcia, Merritt and Rose",Mcgee and Sons
1,"Garcia, Merritt and Rose","Murphy, Marshall and Pope"
2,"Garcia, Merritt and Rose","Murray, Friedman and Wall"
1,"Garcia, Merritt and Rose",Namorna Transit Ltd
2,"Garcia, Merritt and Rose","Rasmussen, Nelson and King"
1,"Garcia, Merritt and Rose",Rivas-Stevens
1,"Garcia, Merritt and Rose",Solis-Lopez
1,"Garcia, Merritt and Rose","Spencer, Richards and Wilson"
1,"Garcia, Merritt and Rose","Taylor, Prince and Sherman"
1,"Garcia, Merritt and Rose","Vasquez, Chaney and Martinez"
1,"Garcia, Merritt and Rose","Walker, Erickson and Blake"
1,"Garcia, Merritt and Rose",Watson-Gray
1,"Garcia, Merritt and Rose",Wu-Hart
2,"Glover, Moran and Johnson",Harper Inc
1,"Glover, Moran and Johnson",Harrington Inc
1,"Glover, Moran and Johnson","Hernandez, Levy and Hanson"
1,"Glover, Moran and Johnson",Hernandez-Beasley
1,"Glover, Moran and Johnson",Hines-Douglas
1,"Glover, Moran and Johnson",Horn and Sons
1,"Glover, Moran and Johnson",Hughes-Clark
1,"Glover, Moran and Johnson","James, Bell and Chen"
3,"Glover, Moran and Johnson",Jefferson Inc
2,"Glover, Moran and Johnson",Lee-Smith
2,"Glover, Moran and Johnson",Lutz-Fleming
2,"Glover, Moran and Johnson","Mann, Myers and Rivera"
1,"Glover, Moran and Johnson",Martin LLC
1,"Glover, Moran and Johnson","Massey, King and Quinn"
2,"Glover, Moran and Johnson",Mcgee and Sons
1,"Glover, Moran and Johnson",Mclaughlin-Chandler
1,"Glover, Moran and Johnson",Moore-Simon
1,"Glover, Moran and Johnson",Myers-Alvarez
3,"Glover, Moran and Johnson","Nguyen, Marsh and Hall"
2,"Glover, Moran and Johnson",Olsen-Haley
1,"Glover, Moran and Johnson",Olson and Sons
1,"Glover, Moran and Johnson",Parrish LLC
1,"Glover, Moran and Johnson",Perez-Harmon
1,"Glover, Moran and Johnson",Ramos-Shelton
2,"Glover, Moran and Johnson",Rivas-Stevens
1,"Glover, Moran and Johnson",Ross-Curtis
1,"Glover, Moran and Johnson","Roth, Logan and Moreno"
1,"Glover, Moran and Johnson",Sanchez-Moreno
1,"Glover, Moran and Johnson",Serrano-Cruz
1,"Glover, Moran and Johnson","Smith, Smith and Barber"
2,"Glover, Moran and Johnson",Solis-Lopez
2,"Glover, Moran and Johnson",Thompson-Padilla
1,"Glover, Moran and Johnson","Valdez, Dalton and Cook"
3,"Glover, Moran and Johnson",Vargas-Jensen
1,"Glover, Moran and Johnson","Vasquez, Chaney and Martinez"
2,"Glover, Moran and Johnson",Velasquez Inc
2,"Glover, Moran and Johnson","Walker, Gonzalez and Blanchard"
1,"Glover, Moran and Johnson",Ward-Dunn
1,"Glover, Moran and Johnson",Wilcox-Nelson
1,"Glover, Moran and Johnson",York-Castillo
1,Graham-Andrews,Harrell-Walters
2,Graham-Andrews,"Henderson, Hall and Lutz"
1,Graham-Andrews,Hernandez-Rojas
1,Graham-Andrews,"Jones, Davis and Grant"
1,Graham-Andrews,Kelly-Smith
1,Graham-Andrews,"Mann, Myers and Rivera"
1,Graham-Andrews,"Murray, Friedman and Wall"
1,Graham-Andrews,"Phelps, Brown and Wallace"
3,Graham-Andrews,"Rasmussen, Nelson and King"
2,Graham-Andrews,Rivas-Stevens
1,Graham-Andrews,Smith-Hull
1,Graham-Andrews,"Spencer, Richards and Wilson"
1,Graham-Andrews,"Taylor, Prince and Sherman"
1,Graham-Andrews,Thompson-Padilla
1,Graham-Andrews,Vargas-Jensen
1,Graham-Andrews,Wilcox-Nelson
1,Greer-Holder,Harrell-Walters
1,Greer-Holder,Harrington Inc
1,Greer-Holder,Hernandez-Rojas
1,Greer-Holder,Hughes-Clark
1,Greer-Holder,"Jones, Davis and Grant"
2,Greer-Holder,"Mann, Myers and Rivera"
1,Greer-Holder,"Martinez, Willis and Barr"
2,Greer-Holder,Martinez-Le
1,Greer-Holder,Mcgee and Sons
1,Greer-Holder,"Murray, Friedman and Wall"
1,Greer-Holder,Olsen Group
1,Greer-Holder,Parrish LLC
1,Greer-Holder,"Phelps, Brown and Wallace"
1,Greer-Holder,Phillips-Newton
1,Greer-Holder,PregolyaDredge Logistics Incorporated
2,Greer-Holder,"Rasmussen, Nelson and King"
1,Greer-Holder,Sanchez-Moreno
2,Greer-Holder,Solis-Lopez
1,Greer-Holder,"Spencer, Richards and Wilson"
1,Greer-Holder,Thompson-Padilla
1,Greer-Holder,Turner-Green
1,Greer-Holder,V. Miesel Shipping
1,Greer-Holder,Vargas-Jensen
1,Greer-Holder,Wilson-Grant
1,Greer-Holder,Wong-Harrell
1,Haney Group,Harper Inc
1,Haney Group,Harrell-Walters
1,Haney Group,"Henderson, Hall and Lutz"
1,Haney Group,Hughes-Clark
1,Haney Group,Klein LLC
1,Haney Group,Lutz-Fleming
1,Haney Group,Martin LLC
1,Haney Group,Mcgee and Sons
3,Haney Group,Mclaughlin-Chandler
1,Haney Group,Montoya Group
1,Haney Group,"Murray, Friedman and Wall"
1,Haney Group,Namorna Transit Ltd
1,Haney Group,"Phelps, Brown and Wallace"
1,Haney Group,"Rasmussen, Nelson and King"
1,Haney Group,Rhodes-Thompson
1,Haney Group,"Roth, Logan and Moreno"
1,Haney Group,Smith-Hull
1,Haney Group,Solis-Lopez
1,Haney Group,"Spencer, Richards and Wilson"
1,Haney Group,"Taylor, Prince and Sherman"
1,Haney Group,Thompson-Padilla
1,Haney Group,Watson-Gray
1,Harper Inc,Harrington Inc
1,Harper Inc,"Henderson, Hall and Lutz"
1,Harper Inc,Hines-Douglas
1,Harper Inc,Holt PLC
1,Harper Inc,Hughes-Clark
1,Harper Inc,"James, Bell and Chen"
1,Harper Inc,"Jones, Davis and Grant"
1,Harper Inc,"Mann, Myers and Rivera"
1,Harper Inc,"Massey, King and Quinn"
1,Harper Inc,Moore-Simon
1,Harper Inc,"Murphy, Marshall and Pope"
2,Harper Inc,"Nguyen, Marsh and Hall"
1,Harper Inc,Olsen Group
1,Harper Inc,Olson and Sons
1,Harper Inc,"Rasmussen, Nelson and King"
1,Harper Inc,Rivas-Stevens
1,Harper Inc,"Roth, Logan and Moreno"
1,Harper Inc,V. Miesel Shipping
1,Harper Inc,Vargas-Jensen
1,Harper Inc,"Vasquez, Chaney and Martinez"
1,Harper Inc,Velasquez Inc
3,Harper Inc,"Walker, Erickson and Blake"
1,Harper Inc,Watson-Gray
1,Harper Inc,Wilcox-Nelson
1,Harper Inc,Wilson-Grant
2,Harper Inc,Wu-Hart
1,Harrell-Walters,Harrington Inc
1,Harrell-Walters,"Henderson, Hall and Lutz"
1,Harrell-Walters,Hernandez-Beasley
2,Harrell-Walters,Hernandez-Rojas
1,Harrell-Walters,Horn and Sons
1,Harrell-Walters,"James, Bell and Chen"
1,Harrell-Walters,Johnson-Johnson
1,Harrell-Walters,"Jones, Davis and Grant"
3,Harrell-Walters,Kelly-Smith
1,Harrell-Walters,Lee-Smith
1,Harrell-Walters,Lutz-Fleming
2,Harrell-Walters,"Maldonado, Sanchez and Jones"
2,Harrell-Walters,Martin LLC
1,Harrell-Walters,Martinez-Daniels
1,Harrell-Walters,Mcgee and Sons
1,Harrell-Walters,"Murray, Friedman and Wall"
1,Harrell-Walters,Olsen-Haley
1,Harrell-Walters,Parrish LLC
1,Harrell-Walters,Paul Inc
1,Harrell-Walters,"Phelps, Brown and Wallace"
1,Harrell-Walters,Ramos-Shelton
1,Harrell-Walters,Rhodes-Thompson
2,Harrell-Walters,Ross-Curtis
2,Harrell-Walters,Smith-Hull
1,Harrell-Walters,"Spencer, Richards and Wilson"
1,Harrell-Walters,Thomas-Weaver
1,Harrell-Walters,Underwood Inc
1,Harrell-Walters,"Walker, Erickson and Blake"
1,Harrell-Walters,Wilcox-Nelson
3,Harrell-Walters,Wong-Harrell
1,Harrington Inc,Hernandez-Beasley
1,Harrington Inc,Hughes-Clark
1,Harrington Inc,"Jackson, Mendez and Nguyen"
1,Harrington Inc,"James, Bell and Chen"
1,Harrington Inc,"Jones, Davis and Grant"
2,Harrington Inc,Lopez-Delgado
1,Harrington Inc,Maddox Group
2,Harrington Inc,Martin LLC
1,Harrington Inc,"Martinez, Willis and Barr"
1,Harrington Inc,Martinez-Daniels
3,Harrington Inc,Martinez-Le
1,Harrington Inc,"Murphy, Marshall and Pope"
2,Harrington Inc,Olsen-Haley
1,Harrington Inc,Parrish LLC
1,Harrington Inc,"Patterson, Moreno and Jensen"
3,Harrington Inc,Paul Inc
2,Harrington Inc,Payne Group
1,Harrington Inc,Phillips-Newton
1,Harrington Inc,Ramos-Shelton
1,Harrington Inc,Rivas-Stevens
1,Harrington Inc,Rosario-Melendez
1,Harrington Inc,Sanchez-Moreno
1,Harrington Inc,Smith-Hull
2,Harrington Inc,"Taylor, Prince and Sherman"
1,Harrington Inc,Thomas-Weaver
1,Harrington Inc,Thompson-Padilla
1,Harrington Inc,"Walker, Gonzalez and Blanchard"
1,Harrington Inc,Watson-Gray
1,Harrington Inc,Williams-Moon
1,"Henderson, Hall and Lutz",Horn and Sons
1,"Henderson, Hall and Lutz",Hughes-Clark
1,"Henderson, Hall and Lutz",Jackson Inc
1,"Henderson, Hall and Lutz","James, Bell and Chen"
1,"Henderson, Hall and Lutz",Johnson-Johnson
1,"Henderson, Hall and Lutz",Jones Group
2,"Henderson, Hall and Lutz",Kelly-Smith
2,"Henderson, Hall and Lutz",Klein LLC
1,"Henderson, Hall and Lutz",Lake Victoria Catch GmbH
3,"Henderson, Hall and Lutz",Lee-Smith
1,"Henderson, Hall and Lutz",Maddox Group
1,"Henderson, Hall and Lutz",Martinez-Daniels
1,"Henderson, Hall and Lutz","Massey, King and Quinn"
1,"Henderson, Hall and Lutz",Montoya Group
1,"Henderson, Hall and Lutz","Murray, Friedman and Wall"
1,"Henderson, Hall and Lutz",Myers-Alvarez
2,"Henderson, Hall and Lutz",Olsen Group
1,"Henderson, Hall and Lutz",Olsen-Haley
1,"Henderson, Hall and Lutz",Olson and Sons
1,"Henderson, Hall and Lutz","Patterson, Moreno and Jensen"
3,"Henderson, Hall and Lutz",Perez-Harmon
1,"Henderson, Hall and Lutz",Phillips-Newton
1,"Henderson, Hall and Lutz",Ramos-Shelton
3,"Henderson, Hall and Lutz",Rivas-Stevens
1,"Henderson, Hall and Lutz","Roth, Logan and Moreno"
2,"Henderson, Hall and Lutz","Smith, Smith and Barber"
1,"Henderson, Hall and Lutz",Solis-Lopez
1,"Henderson, Hall and Lutz","Spencer, Richards and Wilson"
2,"Henderson, Hall and Lutz","Taylor, Prince and Sherman"
1,"Henderson, Hall and Lutz",Thomas-Weaver
1,"Henderson, Hall and Lutz",Thompson-Padilla
1,"Henderson, Hall and Lutz",Turner-Green
1,"Henderson, Hall and Lutz",Underwood Inc
2,"Henderson, Hall and Lutz",Vargas-Jensen
1,"Henderson, Hall and Lutz","Walker, Gonzalez and Blanchard"
1,"Henderson, Hall and Lutz",Ward-Dunn
1,"Henderson, Hall and Lutz",Watson-Gray
1,"Henderson, Hall and Lutz",Wilcox-Nelson
1,"Henderson, Hall and Lutz","Willis, Vasquez and Goodwin"
2,"Hernandez, Levy and Hanson",Hines-Douglas
1,"Hernandez, Levy and Hanson",Horn and Sons
1,"Hernandez, Levy and Hanson",Jackson Inc
1,"Hernandez, Levy and Hanson","Jones, Davis and Grant"
2,"Hernandez, Levy and Hanson",Mcgee and Sons
1,"Hernandez, Levy and Hanson","Murphy, Marshall and Pope"
1,"Hernandez, Levy and Hanson",Namorna Transit Ltd
1,"Hernandez, Levy and Hanson",Olsen Group
1,"Hernandez, Levy and Hanson","Rasmussen, Nelson and King"
1,"Hernandez, Levy and Hanson",Rosario-Melendez
1,"Hernandez, Levy and Hanson",Sanchez-Moreno
1,"Hernandez, Levy and Hanson",Solis-Lopez
1,"Hernandez, Levy and Hanson","Spencer, Richards and Wilson"
3,"Hernandez, Levy and Hanson","Taylor, Prince and Sherman"
1,"Hernandez, Levy and Hanson",Thompson-Padilla
1,"Hernandez, Levy and Hanson",Vargas-Jensen
2,"Hernandez, Levy and Hanson",Watson-Gray
1,"Hernandez, Levy and Hanson",Wilcox-Nelson
1,Hernandez-Beasley,Hernandez-Rojas
2,Hernandez-Beasley,Hines-Douglas
1,Hernandez-Beasley,Hughes-Clark
1,Hernandez-Beasley,"Jones, Davis and Grant"
1,Hernandez-Beasley,Klein LLC
1,Hernandez-Beasley,"Mann, Myers and Rivera"
1,Hernandez-Beasley,"Spencer, Richards and Wilson"
3,Hernandez-Beasley,"Taylor, Prince and Sherman"
1,Hernandez-Rojas,Hughes-Clark
2,Hernandez-Rojas,Jackson Inc
1,Hernandez-Rojas,"Jackson, Mendez and Nguyen"
1,Hernandez-Rojas,"James, Bell and Chen"
3,Hernandez-Rojas,Kelly-Smith
1,Hernandez-Rojas,"Mann, Myers and Rivera"
1,Hernandez-Rojas,"Martinez, Willis and Barr"
2,Hernandez-Rojas,Mcgee and Sons
2,Hernandez-Rojas,"Murphy, Marshall and Pope"
1,Hernandez-Rojas,Myers-Alvarez
1,Hernandez-Rojas,Olsen Group
1,Hernandez-Rojas,"Phelps, Brown and Wallace"
1,Hernandez-Rojas,Phillips-Newton
1,Hernandez-Rojas,"Rasmussen, Nelson and King"
1,Hernandez-Rojas,Rivas-Stevens
2,Hernandez-Rojas,Rosario-Melendez
1,Hernandez-Rojas,Ross-Curtis
1,Hernandez-Rojas,Smith-Hull
2,Hernandez-Rojas,Solis-Lopez
1,Hernandez-Rojas,"Taylor, Prince and Sherman"
2,Hernandez-Rojas,"Valdez, Dalton and Cook"
2,Hernandez-Rojas,"Walker, Erickson and Blake"
1,Hernandez-Rojas,"Walker, Gonzalez and Blanchard"
2,Hernandez-Rojas,Wilcox-Nelson
1,Hines-Douglas,Holt PLC
1,Hines-Douglas,Jackson Inc
1,Hines-Douglas,"James, Bell and Chen"
1,Hines-Douglas,Jefferson Inc
1,Hines-Douglas,"Jones, Davis and Grant"
2,Hines-Douglas,Klein LLC
1,Hines-Douglas,Maddox Group
1,Hines-Douglas,"Maldonado, Sanchez and Jones"
1,Hines-Douglas,"Mann, Myers and Rivera"
1,Hines-Douglas,Martin LLC
1,Hines-Douglas,Martinez-Le
1,Hines-Douglas,Mcgee and Sons
1,Hines-Douglas,Mclaughlin-Chandler
1,Hines-Douglas,Montoya Group
1,Hines-Douglas,Olsen-Haley
1,Hines-Douglas,Olson and Sons
3,Hines-Douglas,Parrish LLC
1,Hines-Douglas,"Patterson, Moreno and Jensen"
1,Hines-Douglas,"Phelps, Brown and Wallace"
2,Hines-Douglas,"Roth, Logan and Moreno"
1,Hines-Douglas,Serrano-Cruz
2,Hines-Douglas,Solis-Lopez
1,Hines-Douglas,"Vasquez, Chaney and Martinez"
1,Hines-Douglas,"Walker, Erickson and Blake"
1,Hines-Douglas,Ward-Dunn
3,Hines-Douglas,Watson-Gray
1,Hines-Douglas,Wilcox-Nelson
1,Hines-Douglas,"Willis, Vasquez and Goodwin"
1,Holt PLC,Horn and Sons
1,Holt PLC,Jackson Inc
1,Holt PLC,Klein LLC
1,Holt PLC,Mclaughlin-Chandler
1,Holt PLC,Phillips-Newton
1,Holt PLC,PregolyaDredge Logistics Incorporated
2,Holt PLC,Rivas-Stevens
4,Holt PLC,Sanchez-Moreno
1,Holt PLC,"Spencer, Richards and Wilson"
1,Holt PLC,"Taylor, Prince and Sherman"
1,Holt PLC,Vargas-Jensen
1,Holt PLC,Watson-Gray
2,Horn and Sons,Hughes-Clark
1,Horn and Sons,"Jones, Davis and Grant"
1,Horn and Sons,Klein LLC
1,Horn and Sons,"Murray, Friedman and Wall"
1,Horn and Sons,Olson and Sons
1,Horn and Sons,Paul Inc
1,Horn and Sons,"Phelps, Brown and Wallace"
1,Horn and Sons,Ramos-Shelton
1,Horn and Sons,"Taylor, Prince and Sherman"
1,Horn and Sons,Thomas-Weaver
1,Horn and Sons,York-Castillo
1,Hughes-Clark,"Jackson, Mendez and Nguyen"
1,Hughes-Clark,"James, Bell and Chen"
1,Hughes-Clark,Jefferson Inc
1,Hughes-Clark,Johnson-Johnson
1,Hughes-Clark,"Jones, Davis and Grant"
1,Hughes-Clark,Lake Victoria Catch GmbH
2,Hughes-Clark,Lutz-Fleming
1,Hughes-Clark,Martinez-Daniels
1,Hughes-Clark,"Massey, King and Quinn"
1,Hughes-Clark,Mcgee and Sons
2,Hughes-Clark,Mclaughlin-Chandler
1,Hughes-Clark,Moore-Simon
1,Hughes-Clark,"Murray, Friedman and Wall"
1,Hughes-Clark,"Nguyen, Marsh and Hall"
1,Hughes-Clark,Olson and Sons
1,Hughes-Clark,Paul Inc
1,Hughes-Clark,Phillips-Newton
2,Hughes-Clark,"Rasmussen, Nelson and King"
1,Hughes-Clark,"Roth, Logan and Moreno"
1,Hughes-Clark,Sanchez-Moreno
1,Hughes-Clark,Serrano-Cruz
1,Hughes-Clark,Solis-Lopez
1,Hughes-Clark,Thomas-Weaver
1,Hughes-Clark,Thompson-Padilla
1,Hughes-Clark,Turner-Green
1,Hughes-Clark,Velasquez Inc
1,Hughes-Clark,"Walker, Erickson and Blake"
1,Hughes-Clark,"Walker, Gonzalez and Blanchard"
3,Hughes-Clark,Watson-Gray
1,Hughes-Clark,Wilson-Grant
2,Hughes-Clark,York-Castillo
1,Jackson Inc,Jefferson Inc
3,Jackson Inc,Johnson-Johnson
1,Jackson Inc,Kelly-Smith
2,Jackson Inc,Lee-Smith
1,Jackson Inc,Maddox Group
1,Jackson Inc,"Mann, Myers and Rivera"
1,Jackson Inc,Martin LLC
1,Jackson Inc,Martinez-Daniels
1,Jackson Inc,Martinez-Le
1,Jackson Inc,"Massey, King and Quinn"
3,Jackson Inc,Mclaughlin-Chandler
1,Jackson Inc,Montoya Group
2,Jackson Inc,"Murphy, Marshall and Pope"
1,Jackson Inc,"Murray, Friedman and Wall"
2,Jackson Inc,"Nguyen, Marsh and Hall"
1,Jackson Inc,Payne Group
1,Jackson Inc,Phillips-Newton
1,Jackson Inc,Smith-Hull
1,Jackson Inc,"Spencer, Richards and Wilson"
1,Jackson Inc,"Taylor, Prince and Sherman"
1,Jackson Inc,"Vasquez, Chaney and Martinez"
1,Jackson Inc,Wong-Harrell
2,Jackson Inc,York-Castillo
2,"Jackson, Mendez and Nguyen","Jones, Davis and Grant"
1,"Jackson, Mendez and Nguyen",Klein LLC
1,"Jackson, Mendez and Nguyen","Mann, Myers and Rivera"
1,"Jackson, Mendez and Nguyen","Murphy, Marshall and Pope"
1,"Jackson, Mendez and Nguyen","Rasmussen, Nelson and King"
1,"Jackson, Mendez and Nguyen",Rosario-Melendez
2,"Jackson, Mendez and Nguyen","Roth, Logan and Moreno"
2,"Jackson, Mendez and Nguyen",Sanchez-Moreno
2,"Jackson, Mendez and Nguyen",Solis-Lopez
1,"Jackson, Mendez and Nguyen","Taylor, Prince and Sherman"
1,"Jackson, Mendez and Nguyen",Turner-Green
1,"Jackson, Mendez and Nguyen",Watson-Gray
1,"Jackson, Mendez and Nguyen",Wu-Hart
1,"James, Bell and Chen",Jones Group
1,"James, Bell and Chen","Jones, Davis and Grant"
1,"James, Bell and Chen",Kelly-Smith
1,"James, Bell and Chen",Montoya Group
2,"James, Bell and Chen",Solis-Lopez
1,"James, Bell and Chen",Thompson-Padilla
1,"James, Bell and Chen",Watson-Gray
2,"James, Bell and Chen",Wilcox-Nelson
2,"James, Bell and Chen",Wu-Hart
2,Jefferson Inc,"Jones, Davis and Grant"
1,Jefferson Inc,Kelly-Smith
1,Jefferson Inc,Martin LLC
1,Jefferson Inc,NyanzaRiver Worldwide AS
1,Jefferson Inc,Phillips-Newton
1,Jefferson Inc,Rivas-Stevens
1,Jefferson Inc,"Roth, Logan and Moreno"
2,Jefferson Inc,"Spencer, Richards and Wilson"
2,Jefferson Inc,Thompson-Padilla
1,Jefferson Inc,Vargas-Jensen
1,Jefferson Inc,"Vasquez, Chaney and Martinez"
2,Jefferson Inc,Watson-Gray
1,Johnson-Johnson,"Jones, Davis and Grant"
1,Johnson-Johnson,Martin LLC
1,Johnson-Johnson,Mcgee and Sons
1,Johnson-Johnson,Montoya Group
1,Johnson-Johnson,"Murray, Friedman and Wall"
1,Johnson-Johnson,PregolyaDredge Logistics Incorporated
3,Johnson-Johnson,Rivas-Stevens
1,Johnson-Johnson,"Taylor, Prince and Sherman"
1,Johnson-Johnson,Thomas-Weaver
1,Johnson-Johnson,V. Miesel Shipping
1,Johnson-Johnson,Vargas-Jensen
1,Johnson-Johnson,"Vasquez, Chaney and Martinez"
1,Johnson-Johnson,"Walker, Erickson and Blake"
3,Johnson-Johnson,Watson-Gray
1,Jones Group,Lutz-Fleming
1,Jones Group,Martinez-Le
1,Jones Group,Montoya Group
1,Jones Group,Olsen-Haley
1,Jones Group,Ramos-Shelton
1,Jones Group,Rhodes-Thompson
1,Jones Group,Rosario-Melendez
1,Jones Group,Smith-Hull
2,Jones Group,Solis-Lopez
1,Jones Group,"Spencer, Richards and Wilson"
1,Jones Group,"Taylor, Prince and Sherman"
1,Jones Group,Thomas-Weaver
2,Jones Group,"Vasquez, Chaney and Martinez"
1,Jones Group,"Walker, Erickson and Blake"
1,Jones Group,"Walker, Gonzalez and Blanchard"
1,Jones Group,Watson-Gray
1,Jones Group,"Willis, Vasquez and Goodwin"
2,"Jones, Davis and Grant",Lutz-Fleming
1,"Jones, Davis and Grant",Martin LLC
1,"Jones, Davis and Grant","Martinez, Willis and Barr"
1,"Jones, Davis and Grant","Massey, King and Quinn"
1,"Jones, Davis and Grant",Mcgee and Sons
1,"Jones, Davis and Grant",Mclaughlin-Chandler
2,"Jones, Davis and Grant",Olson and Sons
2,"Jones, Davis and Grant","Patterson, Moreno and Jensen"
1,"Jones, Davis and Grant",Paul Inc
1,"Jones, Davis and Grant",Phillips-Newton
1,"Jones, Davis and Grant","Rasmussen, Nelson and King"
1,"Jones, Davis and Grant",Ross-Curtis
1,"Jones, Davis and Grant",Sanchez-Moreno
1,"Jones, Davis and Grant","Taylor, Prince and Sherman"
1,"Jones, Davis and Grant",Thomas-Weaver
1,"Jones, Davis and Grant",Vargas-Jensen
1,"Jones, Davis and Grant","Vasquez, Chaney and Martinez"
1,"Jones, Davis and Grant",Velasquez Inc
1,"Jones, Davis and Grant",Ward-Dunn
1,"Jones, Davis and Grant",Watson-Gray
1,"Jones, Davis and Grant",Wilcox-Nelson
1,"Jones, Davis and Grant",Williams-Moon
1,"Jones, Davis and Grant","Willis, Vasquez and Goodwin"
1,"Jones, Davis and Grant",Wong-Harrell
1,"Jones, Davis and Grant",Wu-Hart
1,Kelly-Smith,Lopez-Delgado
1,Kelly-Smith,"Maldonado, Sanchez and Jones"
1,Kelly-Smith,Moore-Simon
2,Kelly-Smith,"Murphy, Marshall and Pope"
1,Kelly-Smith,"Murray, Friedman and Wall"
1,Kelly-Smith,Olsen Group
1,Kelly-Smith,Olsen-Haley
1,Kelly-Smith,Olson and Sons
1,Kelly-Smith,"Patterson, Moreno and Jensen"
1,Kelly-Smith,Paul Inc
1,Kelly-Smith,Payne Group
1,Kelly-Smith,Phillips-Newton
2,Kelly-Smith,"Rasmussen, Nelson and King"
2,Kelly-Smith,Sanchez-Moreno
1,Kelly-Smith,Solis-Lopez
1,Kelly-Smith,Thompson-Padilla
1,Kelly-Smith,Vargas-Jensen
1,Kelly-Smith,"Vasquez, Chaney and Martinez"
1,Kelly-Smith,Velasquez Inc
2,Kelly-Smith,Watson-Gray
2,Kelly-Smith,Wilcox-Nelson
3,Kelly-Smith,Williams-Moon
2,Kelly-Smith,"Willis, Vasquez and Goodwin"
2,Klein LLC,Maddox Group
3,Klein LLC,"Maldonado, Sanchez and Jones"
1,Klein LLC,"Mann, Myers and Rivera"
1,Klein LLC,Martin LLC
1,Klein LLC,Martinez-Le
1,Klein LLC,Montoya Group
2,Klein LLC,"Murphy, Marshall and Pope"
1,Klein LLC,"Murray, Friedman and Wall"
2,Klein LLC,"Nguyen, Marsh and Hall"
1,Klein LLC,Olsen Group
1,Klein LLC,Parrish LLC
2,Klein LLC,"Patterson, Moreno and Jensen"
1,Klein LLC,Paul Inc
1,Klein LLC,Payne Group
1,Klein LLC,Rhodes-Thompson
1,Klein LLC,Rivas-Stevens
2,Klein LLC,Rosario-Melendez
1,Klein LLC,"Roth, Logan and Moreno"
1,Klein LLC,Serrano-Cruz
1,Klein LLC,"Spencer, Richards and Wilson"
1,Klein LLC,Underwood Inc
1,Klein LLC,Velasquez Inc
2,Klein LLC,Wilcox-Nelson
1,Klein LLC,Wilson-Grant
4,Klein LLC,Wong-Harrell
1,Lake Victoria Catch GmbH,Lutz-Fleming
1,Lake Victoria Catch GmbH,Martin LLC
1,Lake Victoria Catch GmbH,Mclaughlin-Chandler
1,Lake Victoria Catch GmbH,"Murphy, Marshall and Pope"
1,Lake Victoria Catch GmbH,"Murray, Friedman and Wall"
1,Lake Victoria Catch GmbH,PregolyaDredge Logistics Incorporated
1,Lake Victoria Catch GmbH,Rosario-Melendez
1,Lake Victoria Catch GmbH,Thompson-Padilla
1,Lake Victoria Catch GmbH,Wu-Hart
1,Lee-Smith,Mclaughlin-Chandler
3,Lee-Smith,"Murray, Friedman and Wall"
1,Lee-Smith,Phillips-Newton
1,Lee-Smith,"Rasmussen, Nelson and King"
1,Lee-Smith,"Roth, Logan and Moreno"
1,Lee-Smith,Sanchez-Moreno
1,Lee-Smith,"Taylor, Prince and Sherman"
1,Lee-Smith,Thomas-Weaver
2,Lee-Smith,Vargas-Jensen
1,Lee-Smith,"Walker, Erickson and Blake"
1,Lee-Smith,York-Castillo
1,Lopez-Delgado,"Mann, Myers and Rivera"
1,Lopez-Delgado,Martin LLC
1,Lopez-Delgado,"Murphy, Marshall and Pope"
1,Lopez-Delgado,PregolyaDredge Logistics Incorporated
1,Lopez-Delgado,"Roth, Logan and Moreno"
1,Lopez-Delgado,"Taylor, Prince and Sherman"
1,Lopez-Delgado,Thompson-Padilla
2,Lopez-Delgado,Watson-Gray
2,Lopez-Delgado,Wilcox-Nelson
2,Lutz-Fleming,Martin LLC
1,Lutz-Fleming,Montoya Group
1,Lutz-Fleming,Moore-Simon
1,Lutz-Fleming,Olsen Group
1,Lutz-Fleming,Ramos-Shelton
2,Lutz-Fleming,"Rasmussen, Nelson and King"
1,Lutz-Fleming,Rivas-Stevens
1,Lutz-Fleming,Thompson-Padilla
1,Lutz-Fleming,Vargas-Jensen
1,Lutz-Fleming,Watson-Gray
1,Lutz-Fleming,Wilcox-Nelson
1,Lutz-Fleming,"Willis, Vasquez and Goodwin"
1,Lutz-Fleming,Wilson-Grant
1,Lutz-Fleming,Wu-Hart
1,Maddox Group,"Mann, Myers and Rivera"
2,Maddox Group,Mcgee and Sons
1,Maddox Group,Montoya Group
1,Maddox Group,Phillips-Newton
2,Maddox Group,"Rasmussen, Nelson and King"
1,Maddox Group,Rivas-Stevens
2,Maddox Group,"Spencer, Richards and Wilson"
1,Maddox Group,"Taylor, Prince and Sherman"
1,Maddox Group,"Valdez, Dalton and Cook"
1,Maddox Group,"Vasquez, Chaney and Martinez"
2,Maddox Group,"Walker, Erickson and Blake"
2,Maddox Group,Watson-Gray
1,"Maldonado, Sanchez and Jones",Mcgee and Sons
1,"Maldonado, Sanchez and Jones",Namorna Transit Ltd
1,"Maldonado, Sanchez and Jones","Rasmussen, Nelson and King"
1,"Maldonado, Sanchez and Jones",Rivas-Stevens
2,"Maldonado, Sanchez and Jones",Sanchez-Moreno
1,"Maldonado, Sanchez and Jones","Taylor, Prince and Sherman"
1,"Maldonado, Sanchez and Jones",Underwood Inc
2,"Maldonado, Sanchez and Jones",Wilcox-Nelson
1,"Mann, Myers and Rivera",Martin LLC
1,"Mann, Myers and Rivera","Massey, King and Quinn"
1,"Mann, Myers and Rivera",Mclaughlin-Chandler
1,"Mann, Myers and Rivera",Montoya Group
1,"Mann, Myers and Rivera",Myers-Alvarez
1,"Mann, Myers and Rivera",Perez-Harmon
2,"Mann, Myers and Rivera","Phelps, Brown and Wallace"
1,"Mann, Myers and Rivera",Phillips-Newton
1,"Mann, Myers and Rivera",Ramos-Shelton
2,"Mann, Myers and Rivera",Rivas-Stevens
1,"Mann, Myers and Rivera","Roth, Logan and Moreno"
1,"Mann, Myers and Rivera",Solis-Lopez
1,"Mann, Myers and Rivera",Underwood Inc
1,"Mann, Myers and Rivera","Walker, Erickson and Blake"
1,"Mann, Myers and Rivera","Walker, Gonzalez and Blanchard"
1,"Mann, Myers and Rivera",Wilcox-Nelson
1,"Mann, Myers and Rivera",Williams-Moon
1,Martin LLC,"Martinez, Willis and Barr"
2,Martin LLC,Mcgee and Sons
1,Martin LLC,Mclaughlin-Chandler
1,Martin LLC,Moore-Simon
1,Martin LLC,Olson and Sons
1,Martin LLC,"Patterson, Moreno and Jensen"
2,Martin LLC,"Phelps, Brown and Wallace"
1,Martin LLC,Rosario-Melendez
2,Martin LLC,Ross-Curtis
1,Martin LLC,"Roth, Logan and Moreno"
1,Martin LLC,Smith-Hull
1,Martin LLC,"Spencer, Richards and Wilson"
1,Martin LLC,Turner-Green
1,Martin LLC,Underwood Inc
3,Martin LLC,"Vasquez, Chaney and Martinez"
1,Martin LLC,Ward-Dunn
1,Martin LLC,Watson-Gray
4,Martin LLC,Wilcox-Nelson
1,Martin LLC,"Willis, Vasquez and Goodwin"
1,"Martinez, Willis and Barr",Mcgee and Sons
1,"Martinez, Willis and Barr",Mclaughlin-Chandler
1,"Martinez, Willis and Barr","Murray, Friedman and Wall"
1,"Martinez, Willis and Barr",Ramos-Shelton
1,"Martinez, Willis and Barr",Rivas-Stevens
1,"Martinez, Willis and Barr",Rosario-Melendez
1,"Martinez, Willis and Barr","Roth, Logan and Moreno"
1,"Martinez, Willis and Barr",Thompson-Padilla
1,"Martinez, Willis and Barr",V. Miesel Shipping
1,"Martinez, Willis and Barr",Vargas-Jensen
2,"Martinez, Willis and Barr",Watson-Gray
1,Martinez-Daniels,Mcgee and Sons
1,Martinez-Daniels,"Murphy, Marshall and Pope"
2,Martinez-Daniels,"Phelps, Brown and Wallace"
1,Martinez-Daniels,PregolyaDredge Logistics Incorporated
1,Martinez-Daniels,Rivas-Stevens
1,Martinez-Daniels,"Spencer, Richards and Wilson"
1,Martinez-Daniels,Thompson-Padilla
1,Martinez-Daniels,Wu-Hart
1,Martinez-Le,Mcgee and Sons
2,Martinez-Le,Mclaughlin-Chandler
1,Martinez-Le,Montoya Group
1,Martinez-Le,Moore-Simon
3,Martinez-Le,"Murphy, Marshall and Pope"
1,Martinez-Le,"Murray, Friedman and Wall"
1,Martinez-Le,Namorna Transit Ltd
1,Martinez-Le,"Nguyen, Marsh and Hall"
1,Martinez-Le,Olson and Sons
1,Martinez-Le,Parrish LLC
1,Martinez-Le,"Patterson, Moreno and Jensen"
1,Martinez-Le,Smith-Hull
1,Martinez-Le,"Taylor, Prince and Sherman"
1,Martinez-Le,"Vasquez, Chaney and Martinez"
1,"Massey, King and Quinn","Murphy, Marshall and Pope"
1,"Massey, King and Quinn","Spencer, Richards and Wilson"
1,"Massey, King and Quinn","Taylor, Prince and Sherman"
1,"Massey, King and Quinn","Vasquez, Chaney and Martinez"
2,Mcgee and Sons,Mclaughlin-Chandler
1,Mcgee and Sons,Moore-Simon
1,Mcgee and Sons,Namorna Transit Ltd
1,Mcgee and Sons,Parrish LLC
1,Mcgee and Sons,"Patterson, Moreno and Jensen"
1,Mcgee and Sons,Paul Inc
3,Mcgee and Sons,Payne Group
1,Mcgee and Sons,Rhodes-Thompson
2,Mcgee and Sons,Rosario-Melendez
2,Mcgee and Sons,Serrano-Cruz
1,Mcgee and Sons,"Smith, Smith and Barber"
1,Mcgee and Sons,Solis-Lopez
2,Mcgee and Sons,"Taylor, Prince and Sherman"
1,Mcgee and Sons,Turner-Green
1,Mcgee and Sons,V. Miesel Shipping
1,Mcgee and Sons,Vargas-Jensen
1,Mcgee and Sons,Ward-Dunn
1,Mcgee and Sons,Watson-Gray
2,Mcgee and Sons,"Willis, Vasquez and Goodwin"
1,Mcgee and Sons,Wong-Harrell
1,Mcgee and Sons,York-Castillo
1,Mclaughlin-Chandler,Paul Inc
2,Mclaughlin-Chandler,Payne Group
2,Mclaughlin-Chandler,Rosario-Melendez
1,Mclaughlin-Chandler,"Roth, Logan and Moreno"
1,Mclaughlin-Chandler,Serrano-Cruz
2,Mclaughlin-Chandler,Solis-Lopez
1,Mclaughlin-Chandler,Thomas-Weaver
1,Mclaughlin-Chandler,Turner-Green
2,Mclaughlin-Chandler,Vargas-Jensen
2,Mclaughlin-Chandler,"Vasquez, Chaney and Martinez"
1,Mclaughlin-Chandler,Velasquez Inc
1,Mclaughlin-Chandler,"Walker, Erickson and Blake"
1,Mclaughlin-Chandler,"Walker, Gonzalez and Blanchard"
1,Mclaughlin-Chandler,Ward-Dunn
1,Mclaughlin-Chandler,Wilcox-Nelson
1,Mclaughlin-Chandler,"Willis, Vasquez and Goodwin"
2,Mclaughlin-Chandler,Wong-Harrell
1,Montoya Group,Moore-Simon
1,Montoya Group,"Murray, Friedman and Wall"
1,Montoya Group,Myers-Alvarez
1,Montoya Group,"Nguyen, Marsh and Hall"
2,Montoya Group,NyanzaRiver Worldwide AS
1,Montoya Group,"Phelps, Brown and Wallace"
1,Montoya Group,Phillips-Newton
1,Montoya Group,Ramos-Shelton
1,Montoya Group,"Rasmussen, Nelson and King"
1,Montoya Group,Rivas-Stevens
1,Montoya Group,Serrano-Cruz
1,Montoya Group,Solis-Lopez
1,Montoya Group,"Vasquez, Chaney and Martinez"
1,Montoya Group,Ward-Dunn
1,Montoya Group,Watson-Gray
1,Moore-Simon,"Murray, Friedman and Wall"
1,Moore-Simon,PregolyaDredge Logistics Incorporated
1,Moore-Simon,"Rasmussen, Nelson and King"
1,Moore-Simon,Sanchez-Moreno
1,Moore-Simon,Smith-Hull
1,Moore-Simon,"Taylor, Prince and Sherman"
1,Moore-Simon,Thompson-Padilla
1,Moore-Simon,Vargas-Jensen
2,Moore-Simon,"Vasquez, Chaney and Martinez"
1,Moore-Simon,Velasquez Inc
1,Moore-Simon,Ward-Dunn
2,Moore-Simon,Watson-Gray
1,Moore-Simon,Wilcox-Nelson
2,Moore-Simon,Wu-Hart
2,"Murphy, Marshall and Pope","Murray, Friedman and Wall"
1,"Murphy, Marshall and Pope","Patterson, Moreno and Jensen"
1,"Murphy, Marshall and Pope",Perez-Harmon
1,"Murphy, Marshall and Pope",Phillips-Newton
1,"Murphy, Marshall and Pope",Ramos-Shelton
1,"Murphy, Marshall and Pope",Rivas-Stevens
1,"Murphy, Marshall and Pope",Rosario-Melendez
1,"Murphy, Marshall and Pope",Serrano-Cruz
1,"Murphy, Marshall and Pope","Taylor, Prince and Sherman"
1,"Murphy, Marshall and Pope",Thomas-Weaver
1,"Murphy, Marshall and Pope","Valdez, Dalton and Cook"
1,"Murphy, Marshall and Pope",York-Castillo
1,"Murray, Friedman and Wall",Olson and Sons
1,"Murray, Friedman and Wall",Parrish LLC
1,"Murray, Friedman and Wall",Phillips-Newton
1,"Murray, Friedman and Wall",Ross-Curtis
2,"Murray, Friedman and Wall","Spencer, Richards and Wilson"
1,"Murray, Friedman and Wall","Taylor, Prince and Sherman"
2,"Murray, Friedman and Wall",Thompson-Padilla
1,"Murray, Friedman and Wall",Turner-Green
1,"Murray, Friedman and Wall","Vasquez, Chaney and Martinez"
2,"Murray, Friedman and Wall",Velasquez Inc
1,"Murray, Friedman and Wall",Watson-Gray
1,"Murray, Friedman and Wall",Wilcox-Nelson
1,Myers-Alvarez,Namorna Transit Ltd
1,Myers-Alvarez,Rhodes-Thompson
2,Myers-Alvarez,"Roth, Logan and Moreno"
1,Myers-Alvarez,Vargas-Jensen
1,Myers-Alvarez,Wu-Hart
1,Namorna Transit Ltd,"Nguyen, Marsh and Hall"
1,Namorna Transit Ltd,Sanchez-Moreno
1,Namorna Transit Ltd,Underwood Inc
1,Namorna Transit Ltd,Velasquez Inc
1,"Nguyen, Marsh and Hall","Rasmussen, Nelson and King"
1,"Nguyen, Marsh and Hall",Solis-Lopez
1,"Nguyen, Marsh and Hall","Taylor, Prince and Sherman"
1,"Nguyen, Marsh and Hall",Thompson-Padilla
1,"Nguyen, Marsh and Hall",Wilcox-Nelson
1,NyanzaRiver Worldwide AS,Olson and Sons
1,NyanzaRiver Worldwide AS,Payne Group
1,NyanzaRiver Worldwide AS,Serrano-Cruz
1,NyanzaRiver Worldwide AS,"Willis, Vasquez and Goodwin"
1,Olsen Group,Olsen-Haley
1,Olsen Group,Ramos-Shelton
1,Olsen Group,"Rasmussen, Nelson and King"
1,Olsen Group,Sanchez-Moreno
1,Olsen Group,Smith-Hull
1,Olsen Group,"Taylor, Prince and Sherman"
1,Olsen Group,Turner-Green
1,Olsen Group,Underwood Inc
1,Olsen Group,"Walker, Gonzalez and Blanchard"
1,Olsen-Haley,Rhodes-Thompson
1,Olsen-Haley,"Taylor, Prince and Sherman"
1,Olsen-Haley,Turner-Green
1,Olsen-Haley,"Walker, Erickson and Blake"
1,Olsen-Haley,Watson-Gray
1,Olson and Sons,"Rasmussen, Nelson and King"
1,Olson and Sons,"Taylor, Prince and Sherman"
1,Olson and Sons,Underwood Inc
1,Olson and Sons,"Walker, Erickson and Blake"
1,Olson and Sons,Watson-Gray
1,Olson and Sons,Wilcox-Nelson
1,Olson and Sons,York-Castillo
1,Parrish LLC,"Rasmussen, Nelson and King"
2,Parrish LLC,"Spencer, Richards and Wilson"
2,Parrish LLC,Thompson-Padilla
2,Parrish LLC,"Walker, Erickson and Blake"
1,Parrish LLC,Watson-Gray
1,"Patterson, Moreno and Jensen",Phillips-Newton
1,"Patterson, Moreno and Jensen","Taylor, Prince and Sherman"
2,"Patterson, Moreno and Jensen","Vasquez, Chaney and Martinez"
2,"Patterson, Moreno and Jensen",Watson-Gray
1,"Patterson, Moreno and Jensen",Wilcox-Nelson
1,Paul Inc,"Taylor, Prince and Sherman"
1,Paul Inc,Thomas-Weaver
1,Paul Inc,Thompson-Padilla
1,Paul Inc,Vargas-Jensen
1,Paul Inc,Wilcox-Nelson
1,Paul Inc,Wu-Hart
1,Payne Group,Rhodes-Thompson
1,Payne Group,Sanchez-Moreno
1,Payne Group,Solis-Lopez
1,Payne Group,"Spencer, Richards and Wilson"
1,Payne Group,"Taylor, Prince and Sherman"
1,Payne Group,Thompson-Padilla
1,Payne Group,Vargas-Jensen
1,Payne Group,"Vasquez, Chaney and Martinez"
2,Payne Group,Wilcox-Nelson
1,Payne Group,York-Castillo
2,Perez-Harmon,Phillips-Newton
1,Perez-Harmon,Sanchez-Moreno
1,Perez-Harmon,Thompson-Padilla
1,Perez-Harmon,"Walker, Erickson and Blake"
2,"Phelps, Brown and Wallace",PregolyaDredge Logistics Incorporated
1,"Phelps, Brown and Wallace","Rasmussen, Nelson and King"
2,"Phelps, Brown and Wallace",Rivas-Stevens
1,"Phelps, Brown and Wallace",Rosario-Melendez
2,"Phelps, Brown and Wallace","Roth, Logan and Moreno"
2,"Phelps, Brown and Wallace",Serrano-Cruz
1,"Phelps, Brown and Wallace",Solis-Lopez
1,"Phelps, Brown and Wallace",Thompson-Padilla
1,"Phelps, Brown and Wallace",Underwood Inc
1,"Phelps, Brown and Wallace",Ward-Dunn
1,"Phelps, Brown and Wallace","Willis, Vasquez and Goodwin"
1,Phillips-Newton,"Rasmussen, Nelson and King"
1,Phillips-Newton,Ross-Curtis
1,Phillips-Newton,"Roth, Logan and Moreno"
2,Phillips-Newton,Serrano-Cruz
1,Phillips-Newton,"Spencer, Richards and Wilson"
1,Phillips-Newton,Thomas-Weaver
1,Phillips-Newton,Vargas-Jensen
1,Phillips-Newton,"Walker, Erickson and Blake"
2,Phillips-Newton,Ward-Dunn
1,Phillips-Newton,Williams-Moon
1,Phillips-Newton,Wilson-Grant
1,PregolyaDredge Logistics Incorporated,Smith-Hull
1,PregolyaDredge Logistics Incorporated,Vargas-Jensen
1,PregolyaDredge Logistics Incorporated,Wong-Harrell
1,Ramos-Shelton,Rivas-Stevens
1,Ramos-Shelton,"Roth, Logan and Moreno"
1,Ramos-Shelton,Sanchez-Moreno
1,Ramos-Shelton,"Smith, Smith and Barber"
1,Ramos-Shelton,Solis-Lopez
1,Ramos-Shelton,Underwood Inc
2,Ramos-Shelton,Vargas-Jensen
1,Ramos-Shelton,"Walker, Erickson and Blake"
1,Ramos-Shelton,Ward-Dunn
1,Ramos-Shelton,Wilcox-Nelson
1,Ramos-Shelton,Williams-Moon
1,Ramos-Shelton,Wong-Harrell
2,"Rasmussen, Nelson and King",Rivas-Stevens
3,"Rasmussen, Nelson and King",Rosario-Melendez
1,"Rasmussen, Nelson and King",Ross-Curtis
1,"Rasmussen, Nelson and King","Roth, Logan and Moreno"
2,"Rasmussen, Nelson and King",Sanchez-Moreno
1,"Rasmussen, Nelson and King",Serrano-Cruz
1,"Rasmussen, Nelson and King","Smith, Smith and Barber"
1,"Rasmussen, Nelson and King","Spencer, Richards and Wilson"
2,"Rasmussen, Nelson and King",Turner-Green
1,"Rasmussen, Nelson and King",Vargas-Jensen
1,"Rasmussen, Nelson and King","Walker, Gonzalez and Blanchard"
1,"Rasmussen, Nelson and King",Watson-Gray
1,"Rasmussen, Nelson and King",Wilcox-Nelson
1,"Rasmussen, Nelson and King",Wong-Harrell
1,Rhodes-Thompson,Rivas-Stevens
1,Rhodes-Thompson,Serrano-Cruz
2,Rhodes-Thompson,"Spencer, Richards and Wilson"
1,Rhodes-Thompson,Thompson-Padilla
1,Rhodes-Thompson,Turner-Green
1,Rhodes-Thompson,V. Miesel Shipping
1,Rhodes-Thompson,"Valdez, Dalton and Cook"
1,Rhodes-Thompson,"Walker, Erickson and Blake"
1,Rhodes-Thompson,Ward-Dunn
1,Rhodes-Thompson,Wilcox-Nelson
1,Rhodes-Thompson,Wu-Hart
1,Rivas-Stevens,Ross-Curtis
1,Rivas-Stevens,Sanchez-Moreno
1,Rivas-Stevens,Serrano-Cruz
1,Rivas-Stevens,"Smith, Smith and Barber"
2,Rivas-Stevens,"Spencer, Richards and Wilson"
2,Rivas-Stevens,"Valdez, Dalton and Cook"
1,Rivas-Stevens,"Vasquez, Chaney and Martinez"
1,Rivas-Stevens,Velasquez Inc
1,Rivas-Stevens,Ward-Dunn
2,Rivas-Stevens,Wong-Harrell
1,Rosario-Melendez,Ross-Curtis
2,Rosario-Melendez,"Roth, Logan and Moreno"
1,Rosario-Melendez,Sanchez-Moreno
2,Rosario-Melendez,Serrano-Cruz
1,Rosario-Melendez,Smith-Hull
1,Rosario-Melendez,Thomas-Weaver
1,Rosario-Melendez,Underwood Inc
1,Rosario-Melendez,"Walker, Erickson and Blake"
1,Rosario-Melendez,Ward-Dunn
1,Rosario-Melendez,Watson-Gray
1,Rosario-Melendez,"Willis, Vasquez and Goodwin"
1,Rosario-Melendez,Wu-Hart
1,Rosario-Melendez,York-Castillo
1,Ross-Curtis,Thomas-Weaver
1,Ross-Curtis,"Valdez, Dalton and Cook"
1,Ross-Curtis,Vargas-Jensen
2,Ross-Curtis,Watson-Gray
1,"Roth, Logan and Moreno",Solis-Lopez
1,"Roth, Logan and Moreno","Spencer, Richards and Wilson"
1,"Roth, Logan and Moreno","Taylor, Prince and Sherman"
1,"Roth, Logan and Moreno",Thompson-Padilla
1,"Roth, Logan and Moreno",Vargas-Jensen
2,"Roth, Logan and Moreno",Velasquez Inc
2,"Roth, Logan and Moreno","Walker, Gonzalez and Blanchard"
4,"Roth, Logan and Moreno",Watson-Gray
1,"Roth, Logan and Moreno",Wilcox-Nelson
1,"Roth, Logan and Moreno","Willis, Vasquez and Goodwin"
1,"Roth, Logan and Moreno",Wong-Harrell
1,Sanchez-Moreno,"Taylor, Prince and Sherman"
1,Sanchez-Moreno,Thompson-Padilla
1,Sanchez-Moreno,Turner-Green
1,Sanchez-Moreno,"Valdez, Dalton and Cook"
1,Sanchez-Moreno,Vargas-Jensen
1,Sanchez-Moreno,"Vasquez, Chaney and Martinez"
1,Sanchez-Moreno,"Walker, Gonzalez and Blanchard"
4,Sanchez-Moreno,Watson-Gray
1,Sanchez-Moreno,Williams-Moon
1,Sanchez-Moreno,"Willis, Vasquez and Goodwin"
1,Sanchez-Moreno,Wilson-Grant
1,Sanchez-Moreno,Wong-Harrell
1,Sanchez-Moreno,Wu-Hart
1,Serrano-Cruz,Solis-Lopez
1,Serrano-Cruz,Vargas-Jensen
1,Serrano-Cruz,"Willis, Vasquez and Goodwin"
2,Serrano-Cruz,Wu-Hart
1,"Smith, Smith and Barber","Walker, Erickson and Blake"
1,"Smith, Smith and Barber",Watson-Gray
1,"Smith, Smith and Barber",Wu-Hart
1,Smith-Hull,Solis-Lopez
1,Smith-Hull,Thompson-Padilla
1,Smith-Hull,"Valdez, Dalton and Cook"
1,Smith-Hull,Vargas-Jensen
1,Smith-Hull,"Walker, Erickson and Blake"
1,Smith-Hull,Watson-Gray
1,Solis-Lopez,"Spencer, Richards and Wilson"
1,Solis-Lopez,"Taylor, Prince and Sherman"
1,Solis-Lopez,Thomas-Weaver
1,Solis-Lopez,Thompson-Padilla
1,Solis-Lopez,Turner-Green
1,Solis-Lopez,Vargas-Jensen
1,Solis-Lopez,"Vasquez, Chaney and Martinez"
1,Solis-Lopez,"Walker, Gonzalez and Blanchard"
1,Solis-Lopez,Ward-Dunn
1,Solis-Lopez,Watson-Gray
1,Solis-Lopez,Wilson-Grant
2,Solis-Lopez,Wu-Hart
1,Solis-Lopez,York-Castillo
1,"Spencer, Richards and Wilson",Thomas-Weaver
1,"Spencer, Richards and Wilson",Thompson-Padilla
1,"Spencer, Richards and Wilson",Turner-Green
1,"Spencer, Richards and Wilson","Valdez, Dalton and Cook"
1,"Spencer, Richards and Wilson","Vasquez, Chaney and Martinez"
1,"Spencer, Richards and Wilson","Walker, Erickson and Blake"
1,"Spencer, Richards and Wilson",Wilcox-Nelson
1,"Spencer, Richards and Wilson",Wu-Hart
1,"Taylor, Prince and Sherman",Turner-Green
1,"Taylor, Prince and Sherman",V. Miesel Shipping
2,"Taylor, Prince and Sherman","Valdez, Dalton and Cook"
2,"Taylor, Prince and Sherman","Walker, Erickson and Blake"
1,"Taylor, Prince and Sherman","Walker, Gonzalez and Blanchard"
1,"Taylor, Prince and Sherman",Watson-Gray
1,"Taylor, Prince and Sherman",Williams-Moon
1,"Taylor, Prince and Sherman","Willis, Vasquez and Goodwin"
2,"Taylor, Prince and Sherman",Wilson-Grant
1,"Taylor, Prince and Sherman",Wong-Harrell
1,"Taylor, Prince and Sherman",York-Castillo
1,Thomas-Weaver,"Walker, Gonzalez and Blanchard"
1,Thomas-Weaver,Ward-Dunn
1,Thomas-Weaver,Watson-Gray
1,Thomas-Weaver,Wu-Hart
1,Thompson-Padilla,Vargas-Jensen
2,Thompson-Padilla,"Vasquez, Chaney and Martinez"
1,Thompson-Padilla,"Walker, Erickson and Blake"
1,Thompson-Padilla,Ward-Dunn
1,Thompson-Padilla,Watson-Gray
2,Thompson-Padilla,Wilcox-Nelson
1,Thompson-Padilla,Williams-Moon
1,Thompson-Padilla,"Willis, Vasquez and Goodwin"
1,Thompson-Padilla,Wu-Hart
1,Thompson-Padilla,York-Castillo
1,Turner-Green,V. Miesel Shipping
1,Turner-Green,Vargas-Jensen
1,Turner-Green,"Walker, Erickson and Blake"
1,Turner-Green,Watson-Gray
1,Turner-Green,Williams-Moon
1,Underwood Inc,"Walker, Erickson and Blake"
1,Underwood Inc,Ward-Dunn
1,Underwood Inc,Watson-Gray
1,"Valdez, Dalton and Cook",Watson-Gray
1,"Valdez, Dalton and Cook",Wong-Harrell
2,Vargas-Jensen,"Vasquez, Chaney and Martinez"
1,Vargas-Jensen,"Walker, Gonzalez and Blanchard"
2,Vargas-Jensen,Watson-Gray
1,Vargas-Jensen,Wilson-Grant
2,"Vasquez, Chaney and Martinez",Velasquez Inc
1,"Vasquez, Chaney and Martinez","Walker, Erickson and Blake"
1,"Vasquez, Chaney and Martinez","Walker, Gonzalez and Blanchard"
1,"Vasquez, Chaney and Martinez",Ward-Dunn
1,"Vasquez, Chaney and Martinez",Williams-Moon
1,"Vasquez, Chaney and Martinez","Willis, Vasquez and Goodwin"
1,"Vasquez, Chaney and Martinez",Wu-Hart
1,Velasquez Inc,Watson-Gray
2,Velasquez Inc,Wilcox-Nelson
1,"Walker, Erickson and Blake",Ward-Dunn
1,"Walker, Erickson and Blake",Watson-Gray
2,"Walker, Erickson and Blake",Williams-Moon
1,"Walker, Erickson and Blake","Willis, Vasquez and Goodwin"
1,"Walker, Erickson and Blake",Wong-Harrell
1,"Walker, Erickson and Blake",Wu-Hart
1,"Walker, Erickson and Blake",York-Castillo
1,"Walker, Gonzalez and Blanchard",Wu-Hart
2,Ward-Dunn,Wilcox-Nelson
1,Ward-Dunn,Wu-Hart
1,Watson-Gray,Wilcox-Nelson
1,Watson-Gray,"Willis, Vasquez and Goodwin"
1,Watson-Gray,Wilson-Grant
2,Watson-Gray,Wu-Hart
1,Watson-Gray,York-Castillo
2,Wilcox-Nelson,Wu-Hart
1,Wilcox-Nelson,York-Castillo
2,Wong-Harrell,Wu-Hart
1,Wu-Hart,York-Castillo
